Date,Opening_Price_ETH,Highest_Price_ETH,Lowest_Price_ETH,Closure_price_ETH,Vol_ETH
2016-05-09,0.0,12.0,0.0,9.36,1376.614767
2016-05-10,9.36,9.95,9.36,9.74,764.62829
2016-05-11,9.74,10.47,9.69,10.45,3079.531401
2016-05-12,10.45,12.0,9.92,10.4,2061.0121059999997
2016-05-13,10.4,11.59,10.2,10.5,1788.0430789999998
2016-05-14,10.5,10.58,10.01,10.57,930.5806551000001
2016-05-15,10.57,10.59,10.06,10.06,988.5319754000001
2016-05-16,10.06,11.41,10.06,11.33,3725.048075
2016-05-17,11.33,13.06,11.28,13.04,8137.008234999999
2016-05-18,13.04,14.14,12.7,13.87,5531.485493
2016-05-19,13.87,14.77,13.56,14.56,8631.620136
2016-05-20,14.56,14.75,13.09,13.29,9769.997245
2016-05-21,13.29,14.15,13.23,14.14,2300.313515
2016-05-22,14.14,14.45,13.75,14.33,2871.3586
2016-05-23,14.33,14.43,13.3,13.56,5577.342434
2016-05-24,13.56,13.79,12.12,12.69,7676.332275
2016-05-25,12.69,12.9,11.83,12.9,11928.45011
2016-05-26,12.9,12.9,11.75,11.75,6943.422976000001
2016-05-27,11.75,11.84,10.41,10.41,8886.050220000001
2016-05-28,10.41,12.27,10.41,12.06,11966.69843
2016-05-29,12.06,12.73,12.02,12.43,7021.081824
2016-05-30,12.43,12.79,12.41,12.61,8256.323586
2016-05-31,12.61,14.35,12.59,14.13,13707.242890000001
2016-06-01,14.13,14.24,13.54,13.85,5774.127286
2016-06-02,13.85,14.13,13.5,13.84,2284.600231
2016-06-03,13.84,16.05,13.5,13.91,12055.05364
2016-06-04,13.91,14.01,13.64,13.74,2473.7253739999996
2016-06-05,13.74,13.99,13.7,13.92,694.5835481
2016-06-06,13.92,14.4,13.83,13.96,4267.3171649999995
2016-06-07,13.96,14.73,13.96,14.65,10944.50446
2016-06-08,14.65,14.65,14.38,14.49,8740.664885
2016-06-09,14.49,14.55,14.36,14.38,2356.615105
2016-06-10,14.38,14.38,13.83,13.95,1990.401194
2016-06-11,13.95,14.53,13.84,14.3,3976.756532
2016-06-12,14.3,15.81,14.29,15.81,20328.79185
2016-06-13,15.81,18.11,15.81,17.95,15610.810419999998
2016-06-14,17.95,19.07,16.52,18.58,15882.680080000002
2016-06-15,18.58,19.06,17.51,18.99,6559.883637
2016-06-16,18.99,25.05,18.94,21.09,27129.187680000003
2016-06-17,21.09,21.44,13.75,14.31,58898.55546
2016-06-18,14.31,14.66,9.0,12.51,38716.32862
2016-06-19,12.51,15.55,11.72,12.46,11616.324690000001
2016-06-20,12.46,12.49,10.69,12.3,49095.31795
2016-06-21,12.3,14.97,11.52,14.96,14452.66769
2016-06-22,14.96,15.75,13.15,13.16,33020.65898
2016-06-23,13.16,14.79,12.7,13.36,4231.051483
2016-06-24,13.36,14.8,13.36,14.5,6677.81636
2016-06-25,14.5,14.68,14.2,14.33,287.14687010000006
2016-06-26,14.33,14.33,13.63,14.0,1097.859185
2016-06-27,14.0,15.72,13.9,14.02,4021.257039
2016-06-28,14.02,14.61,11.57,12.14,20627.65749
2016-06-29,12.14,13.0,11.84,12.83,4531.3802
2016-06-30,12.83,12.83,12.08,12.39,2917.41365
2016-07-01,12.39,12.39,11.73,12.05,5003.418965
2016-07-02,12.05,12.11,11.97,12.03,1858.421082
2016-07-03,12.03,12.37,11.51,11.78,3998.1539399999997
2016-07-04,11.78,11.82,11.41,11.46,1259.775836
2016-07-05,11.46,11.99,9.67,11.45,13248.79182
2016-07-06,11.45,11.9,10.36,10.36,3768.904283
2016-07-07,10.36,10.37,9.83,10.33,2711.546613
2016-07-08,10.33,11.88,10.32,11.4,6038.472904
2016-07-09,11.4,11.88,10.87,11.0,1498.048591
2016-07-10,11.0,11.2,10.9,11.09,1416.94489
2016-07-11,11.09,11.35,10.4,10.7,4431.186949
2016-07-12,10.7,11.3,10.55,10.76,1954.476768
2016-07-13,10.76,11.25,10.5,11.1,1616.720728
2016-07-14,11.1,12.0,10.97,12.0,3514.191797
2016-07-15,12.0,12.98,11.99,12.0,2610.7010969999997
2016-07-16,12.0,12.0,10.2,11.62,2657.250316
2016-07-17,11.62,11.78,11.13,11.52,721.2601572000001
2016-07-18,11.52,11.79,11.13,11.2,1282.6737369999998
2016-07-19,11.2,13.47,11.15,12.33,6096.814837
2016-07-20,12.33,14.0,11.75,12.61,5994.873466
2016-07-21,12.61,13.1,12.07,13.08,6471.8044119999995
2016-07-22,13.08,15.72,12.95,15.5,12541.46787
2016-07-23,15.5,15.5,14.03,14.21,3154.0612739999997
2016-07-24,14.21,15.0,12.32,13.35,7170.333192
2016-07-25,13.35,14.15,13.19,14.15,4349.100122
2016-07-26,14.15,14.15,11.96,12.13,16239.68981
2016-07-27,12.13,13.45,12.13,13.01,3668.421015
2016-07-28,13.01,13.29,12.66,13.14,1753.772736
2016-07-29,13.14,13.14,12.72,12.87,789.0018007
2016-07-30,12.87,12.99,12.5,12.5,1369.309227
2016-07-31,12.5,12.61,11.79,11.81,2148.4547390000002
2016-08-01,11.81,11.85,10.85,11.01,5558.008939
2016-08-02,11.01,11.01,7.6,9.53,19594.77544
2016-08-03,9.53,10.9,9.25,10.52,11408.39206
2016-08-04,10.52,12.49,10.3,11.2,2288.9159809999996
2016-08-05,11.2,11.64,11.0,11.0,1214.012542
2016-08-06,11.0,11.2,10.65,10.99,675.4887401000001
2016-08-07,10.99,11.21,10.86,11.11,1003.019932
2016-08-08,11.11,11.5,11.01,11.35,3542.890094
2016-08-09,11.35,12.5,11.31,12.36,5710.255207
2016-08-10,12.36,12.68,11.91,12.39,2594.567227
2016-08-11,12.39,12.39,11.68,11.86,1142.172441
2016-08-12,11.86,12.12,11.86,11.95,2303.996126
2016-08-13,11.95,11.95,11.57,11.73,1534.702907
2016-08-14,11.73,11.76,11.21,11.51,1249.141139
2016-08-15,11.51,11.51,11.02,11.12,2673.35812
2016-08-16,11.12,11.36,11.03,11.24,1423.888647
2016-08-17,11.24,11.74,10.84,11.13,1657.119062
2016-08-18,11.13,11.3,10.8,10.85,1730.20452
2016-08-19,10.85,11.17,10.8,11.16,902.645093
2016-08-20,11.16,11.48,11.05,11.05,1590.8061369999998
2016-08-21,11.05,11.36,11.01,11.2,433.6587737
2016-08-22,11.2,11.5,11.15,11.28,1931.712836
2016-08-23,11.28,11.3,11.04,11.3,784.5328501
2016-08-24,11.3,11.35,11.02,11.02,618.0101953
2016-08-25,11.02,11.49,11.02,11.45,1324.1577029999999
2016-08-26,11.45,11.49,11.22,11.38,729.6275868
2016-08-27,11.38,11.39,11.11,11.11,312.27293019999996
2016-08-28,11.11,11.12,10.94,10.94,742.3378699
2016-08-29,10.94,11.24,10.93,11.09,1629.088002
2016-08-30,11.09,11.3,11.06,11.3,1716.757529
2016-08-31,11.3,13.5,11.2,12.09,7062.6961519999995
2016-09-01,12.09,13.5,11.89,12.12,4373.441037
2016-09-02,12.12,12.51,12.05,12.44,2103.126585
2016-09-03,12.44,12.49,11.61,11.76,1403.253861
2016-09-04,11.76,12.07,11.58,11.84,371.6022896
2016-09-05,11.84,12.0,11.61,11.61,722.8791175
2016-09-06,11.61,11.99,11.5,11.99,610.2907296
2016-09-07,11.99,11.99,11.57,11.78,661.0003730000001
2016-09-08,11.78,11.78,10.5,10.5,4400.8420590000005
2016-09-09,10.5,11.87,10.5,11.71,1485.985572
2016-09-10,11.71,12.05,11.4,11.95,1492.162425
2016-09-11,11.95,12.0,11.73,11.78,615.2882681
2016-09-12,11.78,12.14,11.61,11.84,3643.065475
2016-09-13,11.84,12.16,11.84,11.95,1407.5679380000001
2016-09-14,11.95,12.02,11.89,12.02,1547.279585
2016-09-15,12.02,12.02,11.85,12.02,1719.744618
2016-09-16,12.02,12.75,12.02,12.45,3271.816484
2016-09-17,12.45,12.8,12.45,12.62,1389.446418
2016-09-18,12.62,12.91,12.2,12.77,3532.8578740000003
2016-09-19,12.77,13.55,12.75,13.55,6377.574337
2016-09-20,13.55,14.45,13.41,14.23,4770.324792
2016-09-21,14.23,14.23,12.97,13.26,3690.4073759999997
2016-09-22,13.26,13.57,12.51,13.28,1836.7573690000002
2016-09-23,13.28,13.59,13.09,13.17,2879.132144
2016-09-24,13.17,13.18,12.84,13.04,598.1355567
2016-09-25,13.04,13.16,13.0,13.15,163.00486659999999
2016-09-26,13.15,13.15,12.9,12.97,2380.238594
2016-09-27,12.97,13.71,12.97,13.28,2327.6820420000004
2016-09-28,13.28,13.68,13.13,13.35,1268.909816
2016-09-29,13.35,13.35,13.13,13.23,811.6475951
2016-09-30,13.23,13.44,13.14,13.2,2106.977953
2016-10-01,13.2,13.35,13.13,13.13,511.0830602
2016-10-02,13.13,13.3,13.1,13.19,2133.3007820000003
2016-10-03,13.19,13.6,13.1,13.6,1303.968153
2016-10-04,13.6,13.7,13.25,13.7,2509.069453
2016-10-05,13.7,13.7,13.06,13.06,1781.241961
2016-10-06,13.06,13.18,12.74,13.0,3982.2001259999997
2016-10-07,13.0,13.49,12.36,12.82,4888.411471
2016-10-08,12.82,12.82,12.14,12.59,965.1746151000001
2016-10-09,12.59,12.7,12.03,12.04,587.566751
2016-10-10,12.04,12.28,11.65,12.0,724.1492987
2016-10-11,12.0,12.22,11.7,11.79,1122.556202
2016-10-12,11.79,12.17,11.65,12.17,3575.068885
2016-10-13,12.17,12.19,11.8,12.05,465.7256444
2016-10-14,12.05,12.08,11.87,11.99,452.8854092
2016-10-15,11.99,12.04,11.82,12.04,1692.6029829999998
2016-10-16,12.04,12.04,11.97,11.98,245.0
2016-10-17,11.98,12.2,11.82,12.18,478.9828926
2016-10-18,12.18,12.96,12.18,12.96,2535.905554
2016-10-19,12.96,12.96,11.81,12.18,4097.787013
2016-10-20,12.18,12.18,11.93,12.04,985.5391424000001
2016-10-21,12.04,12.08,12.0,12.08,447.30766689999996
2016-10-22,12.08,12.08,12.0,12.08,180.56975419999998
2016-10-23,12.08,12.08,12.0,12.0,537.1068827
2016-10-24,12.0,12.02,11.8,11.8,8544.234493
2016-10-25,11.8,12.2,11.11,11.7,4174.619671
2016-10-26,11.7,11.87,11.33,11.5,1655.695092
2016-10-27,11.5,11.58,11.3,11.35,572.9626861
2016-10-28,11.35,11.35,11.05,11.17,4514.810077
2016-10-29,11.17,11.56,9.88,10.5,5831.141378
2016-10-30,10.5,11.51,10.43,11.51,3113.529582
2016-10-31,11.51,11.56,10.62,10.8,1200.250606
2016-11-01,10.8,11.47,10.41,10.95,3396.3121929999998
2016-11-02,10.95,11.43,10.75,10.9,1010.5251470000001
2016-11-03,10.9,11.19,10.75,10.87,952.2977711000001
2016-11-04,10.87,11.2,10.87,11.14,520.113632
2016-11-05,11.14,11.17,11.01,11.07,203.7461056
2016-11-06,11.07,11.15,10.89,11.04,833.7987839
2016-11-07,11.04,11.2,10.91,10.91,304.9488253
2016-11-08,10.91,11.19,10.45,10.45,4265.193869
2016-11-09,10.45,10.84,10.45,10.63,1331.328612
2016-11-10,10.63,11.95,10.36,10.36,2109.501954
2016-11-11,10.36,10.61,10.2,10.33,1041.4652130000002
2016-11-12,10.33,10.33,9.68,10.2,2852.066091
2016-11-13,10.2,10.22,9.86,9.86,708.0994753
2016-11-14,9.86,10.18,9.86,9.9,854.5861629000001
2016-11-15,9.9,10.4,9.9,10.28,594.6905846
2016-11-16,10.28,10.38,9.94,10.11,4042.36073
2016-11-17,10.11,10.36,9.93,9.98,858.8512553999999
2016-11-18,9.98,10.0,9.5,9.51,3812.940815
2016-11-19,9.51,9.86,9.51,9.73,496.0204466
2016-11-20,9.73,9.86,9.5,9.51,477.80237139999997
2016-11-21,9.51,9.79,9.51,9.79,782.1934846
2016-11-22,9.79,10.19,9.62,9.91,2506.048356
2016-11-23,9.91,9.97,9.79,9.91,403.3327629
2016-11-24,9.91,9.91,9.01,9.25,4854.096982999999
2016-11-25,9.25,9.69,9.2,9.57,2517.467929
2016-11-26,9.57,9.57,9.31,9.36,135.05276990000002
2016-11-27,9.36,9.87,8.9,8.99,2356.879297
2016-11-28,8.99,9.02,8.7,8.7,955.5516702
2016-11-29,8.7,8.7,8.0,8.38,2987.153539
2016-11-30,8.38,9.14,8.38,8.61,1307.3020279999998
2016-12-01,8.61,8.64,8.23,8.23,3469.329155
2016-12-02,8.23,8.42,7.24,7.7,14931.28436
2016-12-03,7.7,8.25,7.7,7.98,7436.630587000001
2016-12-04,7.98,8.16,7.43,7.54,1348.195008
2016-12-05,7.54,7.62,6.5,7.03,4877.10306
2016-12-06,7.03,8.25,5.99,7.65,8699.841293000001
2016-12-07,7.65,8.68,7.5,8.68,2505.3578190000003
2016-12-08,8.68,8.75,8.02,8.15,987.7366644
2016-12-09,8.15,8.67,8.07,8.4,1201.8300980000001
2016-12-10,8.4,8.64,8.1,8.1,208.5698845
2016-12-11,8.1,8.56,8.1,8.46,147.58147250000002
2016-12-12,8.46,8.71,8.3,8.51,638.8928505
2016-12-13,8.51,8.71,8.33,8.47,649.6155025
2016-12-14,8.47,8.47,8.19,8.2,1645.679568
2016-12-15,8.2,8.2,7.75,7.86,1656.565272
2016-12-16,7.86,7.89,7.51,7.8,725.7228482999999
2016-12-17,7.8,7.87,7.54,7.87,253.81799569999998
2016-12-18,7.87,7.98,7.85,7.85,530.3908571000001
2016-12-19,7.85,7.85,7.6,7.6,572.5135755
2016-12-20,7.6,7.99,7.58,7.74,795.2635115
2016-12-21,7.74,7.99,7.63,7.79,1795.8563379999998
2016-12-22,7.79,7.97,7.5,7.5,7949.203527
2016-12-23,7.5,7.69,7.17,7.32,1263.865145
2016-12-24,7.32,7.41,7.19,7.28,1015.557968
2016-12-25,7.28,7.29,7.17,7.29,282.0955683
2016-12-26,7.29,7.49,7.25,7.49,481.73723780000006
2016-12-27,7.49,7.49,7.12,7.3,958.2157934
2016-12-28,7.3,8.54,7.13,8.52,5773.85945
2016-12-29,8.52,8.54,8.1,8.54,1382.775295
2016-12-30,8.54,8.54,8.1,8.19,898.2839664999999
2016-12-31,8.19,8.54,8.08,8.54,864.5124652999999
2017-01-01,8.54,8.54,8.15,8.15,1374.571737
2017-01-02,8.15,8.55,8.15,8.31,2220.0256210000002
2017-01-03,8.31,10.89,8.31,10.4,10292.83373
2017-01-04,10.4,11.65,10.24,11.65,7770.985303
2017-01-05,11.65,11.94,9.2,10.25,8767.485187
2017-01-06,10.25,10.32,9.49,9.49,4639.438213
2017-01-07,9.49,10.32,9.41,9.89,5914.090281000001
2017-01-08,9.89,10.42,9.89,10.4,3544.877775
2017-01-09,10.4,10.93,10.12,10.5,5103.984753
2017-01-10,10.5,10.74,10.32,10.71,4456.420594
2017-01-11,10.71,10.74,9.5,9.75,12402.13335
2017-01-12,9.75,10.47,9.4,9.56,7671.761692
2017-01-13,9.56,10.25,9.56,9.88,3064.114767
2017-01-14,9.88,10.24,9.69,10.01,1917.6706800000002
2017-01-15,10.01,10.01,9.79,10.01,723.8900334
2017-01-16,10.01,10.01,9.6,9.69,3378.937557
2017-01-17,9.69,10.44,9.69,10.44,6742.927602
2017-01-18,10.44,10.44,10.0,10.34,1550.279174
2017-01-19,10.34,10.73,10.19,10.45,3214.4558620000003
2017-01-20,10.45,10.75,10.45,10.75,2793.0902109999997
2017-01-21,10.75,10.93,10.64,10.88,3139.271794
2017-01-22,10.88,10.92,10.64,10.76,2094.012995
2017-01-23,10.76,10.77,10.62,10.76,1737.0092969999998
2017-01-24,10.76,10.77,10.51,10.69,2838.149245
2017-01-25,10.69,10.69,10.48,10.61,2543.783345
2017-01-26,10.61,10.76,10.52,10.76,1303.9011990000001
2017-01-27,10.76,10.76,10.51,10.68,5407.387924000001
2017-01-28,10.68,10.68,10.58,10.64,209.8844007
2017-01-29,10.64,10.64,10.51,10.53,1187.9654050000001
2017-01-30,10.53,10.9,10.51,10.61,31248.45079
2017-01-31,10.61,10.93,10.61,10.76,33875.5364
2017-02-01,10.76,10.95,10.57,10.65,77198.15398999999
2017-02-02,10.65,10.99,10.58,10.92,114602.1223
2017-02-03,10.92,11.17,10.5,11.17,115332.7064
2017-02-04,11.17,11.41,11.16,11.39,2796.10555
2017-02-05,11.39,11.39,11.04,11.23,1531.741048
2017-02-06,11.23,11.32,11.22,11.32,1344.77248
2017-02-07,11.32,11.62,11.32,11.62,2358.8299859999997
2017-02-08,11.62,11.74,11.25,11.56,2629.157697
2017-02-09,11.56,11.61,10.51,11.01,9347.346812
2017-02-10,11.01,11.44,10.87,11.32,6076.702211
2017-02-11,11.32,11.39,11.28,11.39,2414.273236
2017-02-12,11.39,11.49,11.36,11.42,3953.4930159999994
2017-02-13,11.42,11.63,11.27,11.63,9661.610576000001
2017-02-14,11.63,13.41,11.63,13.01,23919.09168
2017-02-15,13.01,13.11,12.65,12.73,19041.72063
2017-02-16,12.73,12.97,12.68,12.95,1824553.99
2017-02-17,12.95,12.95,12.73,12.85,8151.377046
2017-02-18,12.85,12.91,12.79,12.85,9559.13688
2017-02-19,12.85,13.03,12.78,12.82,13883.494859999999
2017-02-20,12.82,12.89,12.25,12.55,9183.464733
2017-02-21,12.55,12.85,12.51,12.85,9471.302242
2017-02-22,12.85,12.85,12.53,12.54,3017.9526370000003
2017-02-23,12.54,13.35,12.54,13.04,18627.61391
2017-02-24,13.04,13.32,12.68,13.13,8147.176892
2017-02-25,13.13,13.74,13.13,13.62,8301.677906
2017-02-26,13.62,14.97,13.57,14.62,12667.76065
2017-02-27,14.62,16.3,14.56,15.94,29977.39549
2017-02-28,15.94,16.97,15.27,16.1,407131.04299999995
2017-03-01,16.1,18.5,15.8,17.35,315704.7697
2017-03-02,17.35,19.95,17.04,19.95,49963.39084
2017-03-03,19.95,20.78,18.01,20.13,85995.74352999999
2017-03-04,20.13,20.14,18.33,18.54,14421.5157
2017-03-05,18.54,19.39,18.15,19.15,14291.900430000002
2017-03-06,19.15,20.51,18.97,19.59,170833.7937
2017-03-07,19.59,19.68,18.08,18.61,178302.0341
2017-03-08,18.61,19.37,15.11,17.04,35686.041730000004
2017-03-09,17.04,18.49,16.97,18.43,10935.52814
2017-03-10,18.43,19.78,16.47,18.86,331993.3787
2017-03-11,18.86,23.23,18.8,21.71,73779.71033
2017-03-12,21.71,27.66,21.66,27.66,23005.65092
2017-03-13,27.66,32.0,24.99,28.43,246844.7662
2017-03-14,28.43,29.96,27.8,28.89,22944.23962
2017-03-15,28.89,42.73,28.69,39.76,75540.95242
2017-03-16,39.76,48.8,37.76,48.8,79607.95258
2017-03-17,48.8,51.99,28.5,43.25,84173.74107999999
2017-03-18,43.25,43.95,31.0,38.88,83236.99416
2017-03-19,38.88,45.99,37.1,42.34,32875.08042
2017-03-20,42.34,45.9,40.71,43.07,32093.20838
2017-03-21,43.07,43.94,42.0,42.81,17181.95506
2017-03-22,42.81,42.81,38.38,41.2,27771.61535
2017-03-23,41.2,44.0,40.51,43.2,23455.84846
2017-03-24,43.2,53.0,42.45,49.72,88517.42128
2017-03-25,49.72,52.96,47.4,50.51,30217.48012
2017-03-26,50.51,51.54,48.48,51.02,15094.887859999999
2017-03-27,51.02,51.47,48.0,49.34,26010.53832
2017-03-28,49.34,52.84,48.54,51.76,27599.74508
2017-03-29,51.76,54.54,51.04,53.49,18247.928369999998
2017-03-30,53.49,53.49,49.91,50.0,26003.91249
2017-03-31,50.0,52.0,46.44,49.74,29197.18324
2017-04-01,49.74,51.91,48.75,50.54,15433.098769999999
2017-04-02,50.54,50.81,43.89,44.4,36686.126319999996
2017-04-03,44.4,47.99,42.21,43.7,34606.32078
2017-04-04,43.7,45.92,41.42,45.55,18530.88778
2017-04-05,45.55,47.26,44.56,44.91,13200.02637
2017-04-06,44.91,45.95,41.45,44.01,19922.77476
2017-04-07,44.01,45.76,41.9,44.17,11911.97708
2017-04-08,44.17,45.64,43.51,44.01,5096.4444920000005
2017-04-09,44.01,44.71,43.21,44.11,3504.9149420000003
2017-04-10,44.11,45.65,42.8,44.55,6061.098964
2017-04-11,44.55,44.55,43.73,43.87,6109.62303
2017-04-12,43.87,48.65,43.33,48.65,26251.54295
2017-04-13,48.65,50.91,47.84,48.95,21025.162269999997
2017-04-14,48.95,48.99,46.52,47.02,11854.69916
2017-04-15,47.02,49.09,46.99,48.67,21811.473159999998
2017-04-16,48.67,49.13,47.57,48.16,6746.530733
2017-04-17,48.16,48.7,47.69,48.41,7852.397263
2017-04-18,48.41,50.43,48.0,49.88,18067.79135
2017-04-19,49.88,50.29,47.44,48.45,26530.50824
2017-04-20,48.45,49.8,47.45,49.0,12610.15243
2017-04-21,49.0,49.61,48.13,48.67,8011.972495999999
2017-04-22,48.67,49.22,48.35,49.22,6818.839669
2017-04-23,49.22,49.55,48.42,49.54,3512.59836
2017-04-24,49.54,50.99,49.49,50.05,11240.420909999999
2017-04-25,50.05,50.82,49.97,50.64,7062.565783
2017-04-26,50.64,56.02,50.51,53.66,23350.9917
2017-04-27,53.66,67.94,53.47,65.71,27355.25205
2017-04-28,65.71,74.1,62.5,72.04,26428.71079
2017-04-29,72.04,72.96,67.36,70.79,14385.524669999999
2017-04-30,70.79,82.9,69.5,81.6,26030.39541
2017-05-01,81.6,84.84,72.12,80.5,126163.6458
2017-05-02,80.5,80.5,74.51,76.92,106849.5701
2017-05-03,76.92,81.86,76.68,79.99,29794.371030000002
2017-05-04,79.99,96.94,79.98,96.76,70919.11052999999
2017-05-05,96.76,97.98,88.05,93.79,43092.73904
2017-05-06,93.79,97.5,90.53,95.02,56939.92393
2017-05-07,95.02,98.79,88.85,91.28,49969.0678
2017-05-08,91.28,93.15,85.55,87.05,34600.693569999996
2017-05-09,87.05,89.96,74.3,89.38,32705.21123
2017-05-10,89.38,91.86,86.51,88.62,13205.624109999999
2017-05-11,88.62,90.0,84.5,88.39,106638.6083
2017-05-12,88.39,91.01,81.0,84.25,106999.4883
2017-05-13,84.25,88.3,82.8,88.03,10755.075840000001
2017-05-14,88.03,90.61,87.59,89.99,8011.039533
2017-05-15,89.99,94.48,85.0,91.42,198700.4952
2017-05-16,91.42,91.42,82.71,87.68,155099.4524
2017-05-17,87.68,89.1,81.0,88.4,136465.3812
2017-05-18,88.4,106.41,88.31,105.92,40088.32634
2017-05-19,105.92,129.0,101.14,127.8,64280.81419
2017-05-20,127.8,130.52,121.14,125.16,31743.6842
2017-05-21,125.16,150.0,124.52,149.48,52505.13402
2017-05-22,149.48,175.0,136.33,165.54,159004.9012
2017-05-23,165.54,175.0,157.0,174.92,96427.59375
2017-05-24,174.92,215.79,174.92,201.2,156264.4387
2017-05-25,201.2,217.88,157.68,187.99,133517.2615
2017-05-26,187.99,195.0,143.25,161.86,140158.0058
2017-05-27,161.86,173.97,120.1,173.67,112808.5904
2017-05-28,173.67,182.36,162.07,172.05,49204.91244
2017-05-29,172.05,201.0,169.0,200.99,65787.49012
2017-05-30,200.99,234.0,194.0,233.01,160854.3807
2017-05-31,233.01,234.0,215.0,230.99,126725.7715
2017-06-01,230.99,234.0,205.26,223.27,119080.04400000001
2017-06-02,223.27,227.0,213.5,225.2,83060.9968
2017-06-03,225.2,232.19,219.0,230.94,42702.547999999995
2017-06-04,230.94,248.99,230.93,247.57,43247.69976
2017-06-05,247.57,262.84,240.0,257.08,60320.7311
2017-06-06,257.08,268.85,250.0,264.6,74101.34515
2017-06-07,264.6,264.99,246.12,255.02,51546.87212
2017-06-08,255.02,264.89,248.0,260.02,84688.42388999999
2017-06-09,260.02,285.0,260.02,284.88,67226.67607999999
2017-06-10,284.88,344.01,284.63,336.9,102278.6469
2017-06-11,336.9,346.99,328.0,343.06,52848.67735
2017-06-12,343.06,418.5,310.0,384.1,174845.205
2017-06-13,384.1,393.98,356.0,391.08,74095.00847999999
2017-06-14,391.08,392.91,310.0,338.11,197116.97699999998
2017-06-15,338.11,346.96,250.0,328.0,234365.0905
2017-06-16,328.0,357.01,327.99,348.1,84273.58579
2017-06-17,348.1,374.99,335.32,374.13,54977.59172999999
2017-06-18,374.13,378.85,337.29,359.36,67866.0135
2017-06-19,359.36,365.0,347.16,364.49,63948.4554
2017-06-20,364.49,365.0,321.0,341.86,103723.2744
2017-06-21,341.86,343.49,280.0,316.39,182482.9817
2017-06-22,316.39,333.0,307.52,324.18,95473.66154
2017-06-23,324.18,330.86,321.13,328.06,54781.674779999994
2017-06-24,328.06,328.98,295.01,302.2,70649.75477
2017-06-25,302.2,310.0,251.49,287.06,127112.793
2017-06-26,287.06,288.0,210.0,256.5,240337.0355
2017-06-27,256.5,288.35,210.02,278.97,184525.8553
2017-06-28,278.97,324.95,265.0,317.31,176233.7523
2017-06-29,317.31,322.84,282.0,289.16,146667.6752
2017-06-30,289.16,304.94,269.19,270.33,176056.5138
2017-07-01,270.33,283.0,252.6,256.96,129433.8317
2017-07-02,256.96,293.65,255.38,278.76,114814.9262
2017-07-03,278.76,283.99,273.03,278.98,139373.3023
2017-07-04,278.98,282.0,265.09,271.18,132696.1526
2017-07-05,271.18,273.89,253.27,267.12,171597.7633
2017-07-06,267.12,274.0,261.51,265.18,130385.3771
2017-07-07,265.18,266.56,230.4,239.44,219980.2367
2017-07-08,239.44,248.99,235.26,247.4,136750.8333
2017-07-09,247.4,253.31,236.0,237.14,98960.38477
2017-07-10,237.14,238.06,188.14,195.67,261590.4267
2017-07-11,195.67,210.79,175.5,188.46,277194.2443
2017-07-12,188.46,226.65,188.16,225.24,243823.9125
2017-07-13,225.24,225.98,192.25,200.23,187609.3448
2017-07-14,200.23,203.94,181.2,188.26,184955.5059
2017-07-15,188.26,193.0,165.0,166.47,209965.8204
2017-07-16,166.47,168.2,132.0,162.87,358720.3741
2017-07-17,162.87,192.0,159.54,181.61,258406.8531
2017-07-18,181.61,262.99,178.0,226.81,403373.1066
2017-07-19,226.81,246.8,190.0,211.66,344963.7359
2017-07-20,211.66,236.09,201.22,227.6,260728.8885
2017-07-21,227.6,237.97,208.69,221.28,161878.9683
2017-07-22,221.28,237.43,219.4,231.17,142953.8504
2017-07-23,231.17,233.0,220.12,228.46,145391.209
2017-07-24,228.46,229.09,222.22,223.08,115433.7271
2017-07-25,223.08,224.57,191.0,197.67,290133.1784
2017-07-26,197.67,206.03,191.0,201.66,127069.0427
2017-07-27,201.66,206.88,198.56,201.51,111702.4918
2017-07-28,201.51,203.25,182.03,182.46,149124.957
2017-07-29,182.46,210.0,176.0,202.28,189792.5504
2017-07-30,202.28,202.99,190.55,195.9,127487.245
2017-07-31,195.9,209.93,190.07,207.6,150739.9764
2017-08-01,207.6,232.0,207.6,225.78,189470.2578
2017-08-02,225.78,226.24,215.31,218.5,84452.1666
2017-08-03,218.5,228.72,218.49,224.65,82906.49338
2017-08-04,224.65,227.5,217.97,224.87,126444.03
2017-08-05,224.87,266.39,224.28,256.37,232809.4488
2017-08-06,256.37,271.87,247.83,264.6,140855.3053
2017-08-07,264.6,274.88,258.81,272.3,101718.1541
2017-08-08,272.3,315.23,270.01,315.05,182127.111
2017-08-09,315.05,315.49,277.81,292.0,209468.246
2017-08-10,292.0,310.0,292.0,297.28,97947.64472000001
2017-08-11,297.28,317.0,295.3,311.35,120718.3015
2017-08-12,311.35,320.0,290.0,298.81,143893.045
2017-08-13,298.81,305.0,287.03,301.72,124114.2957
2017-08-14,301.72,304.61,289.015,291.69,132311.5686
2017-08-15,291.69,295.82,271.0,286.46,181172.4343
2017-08-16,286.46,304.59,280.25,299.89,91080.38867
2017-08-17,299.89,310.0,296.0,296.92,80301.81869
2017-08-18,296.92,306.02,285.0,294.66,98526.67035
2017-08-19,294.66,297.42,285.1,292.05,122396.7873
2017-08-20,292.05,298.0,289.03,297.79,82000.3002
2017-08-21,297.79,343.96,297.06,309.21,247910.1035
2017-08-22,309.21,322.04,292.73,316.8,138380.5703
2017-08-23,316.8,325.64,315.0,316.78,104988.906
2017-08-24,316.78,328.7,316.65,327.2,106545.617
2017-08-25,327.2,338.2,325.73,331.33,88301.5664
2017-08-26,331.33,331.36,331.33,331.36,174.279247
2017-08-27,331.36,349.99,331.13,345.73,87968.96734
2017-08-28,345.73,350.0,337.5,349.79,107012.3664
2017-08-29,349.79,374.73,349.12,374.72,170100.0572
2017-08-30,374.72,390.85,368.0,385.02,139130.8302
2017-08-31,385.02,395.0,381.12,394.52,104418.3797
2017-09-01,394.52,398.07,375.01,377.45,105852.2181
2017-09-02,377.45,383.12,333.0,357.81,201698.0044
2017-09-03,357.81,371.48,339.41,345.41,89289.69871
2017-09-04,345.41,345.41,225.0,283.13,263492.6163
2017-09-05,283.13,334.83,280.0,327.8,121151.7512
2017-09-06,327.8,341.24,316.64,327.11,100013.4669
2017-09-07,327.11,337.99,323.09,331.35,46909.537469999996
2017-09-08,331.35,333.59,290.0,303.47,140850.6815
2017-09-09,303.47,309.95,293.64,295.74,57409.12066
2017-09-10,295.74,308.49,283.48,307.5,79428.13322999999
2017-09-11,307.5,307.5,287.01,302.97,79836.88038999999
2017-09-12,302.97,317.31,276.0,276.63,127822.4872
2017-09-13,276.63,284.95,256.77,270.45,140881.919
2017-09-14,270.45,274.0,222.09,236.46,271038.6875
2017-09-15,236.46,268.74,200.0,258.48,260571.8815
2017-09-16,258.48,270.0,247.32,252.28,50700.2869
2017-09-17,252.28,286.02,241.25,281.01,70522.50827
2017-09-18,281.01,300.77,280.0,289.01,113390.787
2017-09-19,289.01,292.43,276.0,281.91,74600.4657
2017-09-20,281.91,293.89,278.0,280.25,52566.125510000005
2017-09-21,280.25,286.56,251.12,266.58,102386.3161
2017-09-22,266.58,270.98,254.51,263.12,38632.79465
2017-09-23,263.12,294.0,263.12,293.6,35695.96688
2017-09-24,293.6,293.77,274.95,288.05,30398.96513
2017-09-25,288.05,297.27,287.3,292.47,34556.17034
2017-09-26,292.47,294.15,287.0,291.04,21884.92122
2017-09-27,291.04,311.72,289.0,308.18,50932.21812
2017-09-28,308.18,309.76,278.0,283.1,52809.43659
2017-09-29,283.1,300.0,281.5,293.24,34156.48377
2017-09-30,293.24,304.96,293.17,298.01,17639.58453
2017-10-01,298.01,303.0,295.0,299.99,12983.53172
2017-10-02,299.99,302.12,292.29,299.1,28459.857630000002
2017-10-03,299.1,300.95,286.37,292.0,34760.51056
2017-10-04,292.0,296.03,288.0,289.6,34704.08223
2017-10-05,289.6,297.01,286.46,295.35,14466.2838
2017-10-06,295.35,310.0,294.86,309.93,20242.42167
2017-10-07,309.93,314.0,304.51,311.7,14282.27714
2017-10-08,311.7,314.56,304.41,304.41,20552.212359999998
2017-10-09,304.41,309.21,285.39,297.0,49980.93587
2017-10-10,297.0,304.97,294.84,301.01,19713.71395
2017-10-11,301.01,305.99,297.5,305.97,26766.64822
2017-10-12,305.97,307.27,299.0,301.75,42341.03293
2017-10-13,301.75,346.98,300.5,338.0,76282.25803
2017-10-14,338.0,346.51,334.88,337.57,24422.48102
2017-10-15,337.57,349.61,319.51,343.75,31464.345589999997
2017-10-16,343.75,350.0,326.71,328.51,36015.45928
2017-10-17,328.51,332.05,305.0,306.98,67953.204
2017-10-18,306.98,317.03,287.99,312.85,62972.977779999994
2017-10-19,312.85,314.49,304.19,308.33,19570.40014
2017-10-20,308.33,311.76,299.88,300.44,31717.03545
2017-10-21,300.44,306.0,291.22,302.51,23615.95181
2017-10-22,302.51,302.52,291.5,292.6,18472.09437
2017-10-23,292.6,312.0,275.51,301.28,73047.22387
2017-10-24,301.28,313.0,289.0,296.0,30440.55029
2017-10-25,296.0,304.0,292.44,298.8,17991.56834
2017-10-26,298.8,300.83,293.0,297.85,12876.98589
2017-10-27,297.85,298.78,292.91,294.06,8546.116121
2017-10-28,294.06,297.36,292.0,295.25,8412.518367
2017-10-29,295.25,310.0,295.23,307.0,20926.33185
2017-10-30,307.0,309.42,304.5,307.98,10988.491759999999
2017-10-31,307.98,309.76,302.29,303.21,18686.10221
2017-11-01,303.21,304.79,277.24,285.11,59042.6188
2017-11-02,285.11,290.31,277.26,286.15,42470.48448
2017-11-03,286.15,308.0,286.15,305.31,25328.00737
2017-11-04,305.31,305.31,295.0,300.07,9924.584376
2017-11-05,300.07,300.55,292.3,292.7,12199.037040000001
2017-11-06,292.7,305.02,290.49,299.58,29280.504210000003
2017-11-07,299.58,303.5,288.0,295.05,45935.66035
2017-11-08,295.05,319.98,292.69,309.0,86792.5259
2017-11-09,309.0,331.23,308.0,319.66,48345.37579
2017-11-10,319.66,326.0,290.0,301.44,54340.52905
2017-11-11,301.44,321.2,297.51,310.44,41263.93288
2017-11-12,310.44,319.0,299.5,311.25,61933.28916
2017-11-13,311.25,323.22,308.0,321.06,42637.26808
2017-11-14,321.06,337.16,318.5,332.76,64851.72277000001
2017-11-15,332.76,340.0,325.0,329.08,47262.30788
2017-11-16,329.08,335.0,322.31,331.78,32446.671639999997
2017-11-17,331.78,334.55,326.0,330.72,20096.179519999998
2017-11-18,330.72,349.0,327.54,347.29,23689.05867
2017-11-19,347.29,373.21,347.14,361.8,32953.56142
2017-11-20,361.8,373.6,351.33,354.75,50588.697869999996
2017-11-21,354.75,375.0,350.0,364.46,63265.31367
2017-11-22,364.46,384.32,360.87,378.76,38622.94717
2017-11-23,378.76,428.07,378.0,411.06,83547.7212
2017-11-24,411.06,484.6,400.2,460.02,108456.1837
2017-11-25,460.02,476.74,450.0,458.72,42167.611130000005
2017-11-26,458.72,475.0,450.0,470.27,31194.2903
2017-11-27,470.27,489.0,460.1,475.06,56348.700410000005
2017-11-28,475.06,480.99,457.9,474.0,56660.81258
2017-11-29,474.0,515.61,418.0,465.0,115801.835
2017-11-30,465.0,469.82,395.0,429.6,123503.6086
2017-12-01,429.6,471.0,413.95,467.07,56153.562589999994
2017-12-02,467.07,471.0,449.29,457.04,30500.231330000002
2017-12-03,457.04,481.0,445.01,463.61,40914.79828
2017-12-04,463.61,471.88,446.09,466.94,31634.99248
2017-12-05,466.94,468.5,450.0,456.25,48950.914939999995
2017-12-06,456.25,458.87,415.0,433.2,97698.09999
2017-12-07,433.2,436.81,400.01,428.25,105067.6699
2017-12-08,428.25,473.71,413.99,471.0,94150.45542
2017-12-09,471.0,502.0,430.0,430.0,69711.27889
2017-12-10,430.0,466.0,429.0,464.99,73690.6496
2017-12-11,464.99,549.0,458.0,533.0,101936.1153
2017-12-12,533.0,693.99,518.0,627.46,170713.1944
2017-12-13,627.46,758.0,610.16,733.0,156795.4638
2017-12-14,733.0,755.0,615.0,658.0,137084.8091
2017-12-15,658.0,700.0,626.0,700.0,67433.73019
2017-12-16,700.0,717.4,680.0,717.4,47243.57384
2017-12-17,717.4,739.57,685.02,711.89,43612.99483
2017-12-18,711.89,820.0,706.0,814.0,85167.33755
2017-12-19,814.0,872.0,720.0,792.8,150671.1785
2017-12-20,792.8,832.32,753.61,815.0,95963.76358
2017-12-21,815.0,841.45,650.0,687.08,144186.4878
2017-12-22,687.08,748.55,480.0,728.0,245849.5133
2017-12-23,728.0,764.95,657.0,689.89,73492.84831
2017-12-24,689.89,729.21,601.32,707.58,85215.97949
2017-12-25,707.58,762.98,694.82,761.05,46290.076089999995
2017-12-26,761.05,764.67,730.0,758.95,49738.7144
2017-12-27,758.95,765.8,688.8,708.18,64369.298610000005
2017-12-28,708.18,739.0,676.0,738.0,62940.96291
2017-12-29,738.0,752.0,708.0,714.92,54769.465229999994
2017-12-30,714.92,735.0,692.0,699.78,38846.80133
2017-12-31,699.78,744.0,692.11,733.19,23259.051919999998
2018-01-01,733.19,875.0,725.0,808.89,71986.19599
2018-01-02,808.89,888.88,806.55,861.15,74865.90581
2018-01-03,861.15,950.0,847.65,925.01,116734.3439
2018-01-04,925.01,999.0,905.0,992.01,103701.5897
2018-01-05,992.01,1020.0,931.4,971.52,81311.55778999999
2018-01-06,971.52,1046.65,966.01,1046.65,53156.93277
2018-01-07,1046.65,1200.79,1010.06,1195.93,84671.79546000001
2018-01-08,1195.93,1231.12,960.42,1205.02,124705.1336
2018-01-09,1205.02,1346.0,1128.0,1340.42,104149.2784
2018-01-10,1340.42,1387.0,1149.24,1180.0,108453.1214
2018-01-11,1180.0,1250.0,1095.2,1210.79,108718.1689
2018-01-12,1210.79,1292.0,1000.0,1287.93,68932.0849
2018-01-13,1287.93,1420.01,1205.0,1379.13,55993.63741
2018-01-14,1379.13,1379.89,1270.0,1328.71,53178.71235
2018-01-15,1328.71,1348.51,1200.0,1224.01,40869.16988
2018-01-16,1224.01,1235.95,865.0,990.0,188931.0528
2018-01-17,990.0,1080.85,758.59,1017.8,231876.0005
2018-01-18,1017.8,1104.0,953.8,1016.59,125213.2122
2018-01-19,1016.59,1105.0,1005.8,1070.28,75960.33903999999
2018-01-20,1070.28,1164.0,1050.0,1122.92,50976.93312
2018-01-21,1122.92,1128.07,1010.0,1046.0,44901.71396
2018-01-22,1046.0,1080.0,915.0,1000.0,85231.39759
2018-01-23,1000.0,1022.0,906.11,986.37,84827.44378
2018-01-24,986.37,1103.0,956.0,1093.43,61892.04882999999
2018-01-25,1093.43,1093.43,1009.95,1070.75,55056.3656
2018-01-26,1070.75,1072.22,985.0,1049.99,51817.36649
2018-01-27,1049.99,1122.29,1043.34,1113.03,43795.59738
2018-01-28,1113.03,1228.88,1113.03,1179.85,49794.86868
2018-01-29,1179.85,1195.2,1110.92,1126.06,44218.64174
2018-01-30,1126.06,1168.45,1013.0,1063.48,114638.0423
2018-01-31,1063.48,1148.0,1035.01,1128.0,64193.6553
2018-02-01,1128.0,1148.66,934.38,957.67,118242.8239
2018-02-02,957.67,994.7,735.0,855.15,176691.6045
2018-02-03,855.15,994.9,845.61,958.59,45256.00828
2018-02-04,958.59,969.0,779.0,834.54,70398.92633999999
2018-02-05,834.54,855.0,606.0,619.0,243242.0737
2018-02-06,619.0,813.99,564.0,725.0,207174.7815
2018-02-07,725.0,862.0,720.01,802.46,94419.55791
2018-02-08,802.46,845.0,780.02,803.99,50095.19661
2018-02-09,803.99,908.0,780.01,894.24,57595.93728
2018-02-10,894.24,910.0,802.0,802.16,45378.24999
2018-02-11,802.16,863.57,780.1,846.93,37861.58434
2018-02-12,846.93,874.97,835.0,854.62,28785.3891
2018-02-13,854.62,854.62,825.0,853.55,22451.74823
2018-02-14,853.55,932.0,853.55,929.94,40516.58903
2018-02-15,929.94,949.67,908.0,934.35,33255.95502
2018-02-16,934.35,960.0,910.0,959.99,23009.314769999997
2018-02-17,959.99,983.0,953.0,956.98,20509.433390000002
2018-02-18,956.98,958.99,909.0,924.68,20728.30324
2018-02-19,924.68,955.0,922.99,945.17,11854.20645
2018-02-20,945.17,959.0,859.89,882.23,39564.39411
2018-02-21,882.23,895.8,815.89,856.01,33767.10867
2018-02-22,856.01,870.0,787.71,836.3,41133.86301
2018-02-23,836.3,881.55,818.48,867.23,29220.30178
2018-02-24,867.23,873.4,810.18,832.74,20812.502780000003
2018-02-25,832.74,858.3,818.0,848.6,13955.292459999999
2018-02-26,848.6,878.25,836.32,869.46,22289.72576
2018-02-27,869.46,894.9,860.0,886.99,22656.19198
2018-02-28,886.99,887.93,843.99,855.58,19774.42932
2018-03-01,855.58,879.0,855.26,870.8,18978.57145
2018-03-02,870.8,874.97,847.5,859.99,18417.24505
2018-03-03,859.99,865.0,844.0,846.24,5078.203966
2018-03-04,846.24,867.0,835.32,865.1,9488.62198
2018-03-05,865.1,870.15,836.99,843.97,12678.785440000001
2018-03-06,843.97,849.65,802.0,811.78,22076.81051
2018-03-07,811.78,813.49,724.0,734.9,53167.607169999996
2018-03-08,734.9,771.43,667.82,682.49,48636.734430000004
2018-03-09,682.49,749.49,640.0,733.65,55313.021660000006
2018-03-10,733.65,745.63,670.73,680.0,14615.21053
2018-03-11,680.0,734.93,678.35,716.29,11904.52802
2018-03-12,716.29,739.0,676.22,698.31,26026.04065
2018-03-13,698.31,714.0,679.89,699.11,23166.86013
2018-03-14,699.11,699.11,570.29,581.34,68684.97359
2018-03-15,581.34,623.7,575.23,599.17,47158.752
2018-03-16,599.17,625.16,566.33,600.99,35325.117119999995
2018-03-17,600.99,610.34,509.0,519.76,61273.430660000005
2018-03-18,519.76,561.0,450.0,526.86,144708.69199999998
2018-03-19,526.86,558.91,512.5,554.4,88682.03362
2018-03-20,554.4,571.69,516.48,570.71,63761.99709
2018-03-21,570.71,593.0,545.0,570.18,36486.63967
2018-03-22,570.18,573.56,509.37,515.33,36706.01607
2018-03-23,515.33,545.0,507.08,544.54,23605.04506
2018-03-24,544.54,545.0,515.77,522.67,12623.729309999999
2018-03-25,522.67,535.0,512.59,520.63,14931.532669999999
2018-03-26,520.63,523.6,459.5,464.01,51091.033110000004
2018-03-27,464.01,472.0,440.0,450.21,51023.69678
2018-03-28,450.21,465.09,440.0,440.21,40079.71616
2018-03-29,440.21,440.21,363.0,377.4,131931.6424
2018-03-30,377.4,420.01,364.26,406.71,57901.130260000005
2018-03-31,406.71,412.97,389.22,393.49,20471.18114
2018-04-01,393.49,394.5,358.88,384.05,46790.48208
2018-04-02,384.05,393.69,373.0,391.28,34572.04249
2018-04-03,391.28,418.69,391.28,402.59,39056.04387
2018-04-04,402.59,408.0,365.28,379.62,38432.4322
2018-04-05,379.62,386.99,372.54,378.15,30835.775830000002
2018-04-06,378.15,381.0,363.91,370.2,27555.32119
2018-04-07,370.2,395.0,370.19,389.01,13350.521270000001
2018-04-08,389.01,420.0,385.9,412.01,21424.636019999998
2018-04-09,412.01,430.61,388.0,399.87,37320.72913
2018-04-10,399.87,419.79,391.14,412.64,20163.29058
2018-04-11,412.64,438.41,400.0,435.99,41976.40453
2018-04-12,435.99,500.0,413.0,490.41,90785.91728
2018-04-13,490.41,529.0,481.27,508.0,54098.19885
2018-04-14,508.0,518.35,486.97,512.23,17786.20184
2018-04-15,512.23,538.0,508.03,518.03,24235.67805
2018-04-16,518.03,518.03,498.98,507.22,23167.14864
2018-04-17,507.22,520.91,499.72,506.79,26317.456769999997
2018-04-18,506.79,538.0,505.0,536.0,27129.850919999997
2018-04-19,536.0,586.56,528.36,574.06,39243.347910000004
2018-04-20,574.06,624.99,557.24,607.82,37050.273460000004
2018-04-21,607.82,624.08,575.0,600.87,17458.50168
2018-04-22,600.87,642.9,599.61,635.21,25907.70084
2018-04-23,635.21,671.0,629.0,668.78,39219.31402
2018-04-24,668.78,710.0,654.3,656.19,58603.5924
2018-04-25,656.19,668.63,595.55,617.2,76609.49946
2018-04-26,617.2,665.0,615.0,649.9,28850.65663
2018-04-27,649.9,685.56,640.0,665.89,30943.610439999997
2018-04-28,665.89,699.0,662.22,693.53,15514.72715
2018-04-29,693.53,696.07,666.0,676.0,14637.70517
2018-04-30,676.0,690.99,628.24,640.0,30646.2222
2018-05-01,640.0,677.0,639.13,671.78,29092.95522
2018-05-02,671.78,720.0,664.34,714.03,32717.90316
2018-05-03,714.03,784.99,706.0,766.51,48872.08609
2018-05-04,766.51,802.86,763.0,800.0,31937.672010000002
2018-05-05,800.0,833.0,792.88,817.0,17490.92681
2018-05-06,817.0,819.84,738.68,754.64,30265.34675
2018-05-07,754.64,775.0,691.92,769.52,61174.112
2018-05-08,769.52,769.52,717.03,719.0,30698.30538
2018-05-09,719.0,760.64,700.0,756.05,43400.56258
2018-05-10,756.05,767.0,712.73,731.38,37631.02617
2018-05-11,731.38,736.23,665.68,676.34,39180.397000000004
2018-05-12,676.34,691.41,640.0,681.34,20884.10941
2018-05-13,681.34,739.76,670.12,695.97,21779.42856
2018-05-14,695.97,741.72,685.0,727.0,52706.905889999995
2018-05-15,727.0,738.0,677.08,681.16,34660.30488
2018-05-16,681.16,718.76,679.0,710.01,22609.35237
2018-05-17,710.01,714.0,657.02,670.17,33140.60865
2018-05-18,670.17,695.68,667.1,694.47,21977.307530000002
2018-05-19,694.47,715.96,670.0,702.3,21545.48089
2018-05-20,702.3,722.92,702.3,709.87,11627.45013
2018-05-21,709.87,717.81,681.98,688.18,17642.396719999997
2018-05-22,688.18,695.99,626.0,639.42,32438.204110000002
2018-05-23,639.42,642.0,553.16,595.0,58090.93502999999
2018-05-24,595.0,609.77,545.0,602.65,49808.663089999995
2018-05-25,602.65,615.99,569.0,585.88,31852.128210000003
2018-05-26,585.88,606.1,568.58,581.3,12575.83785
2018-05-27,581.3,591.19,556.82,571.27,11951.343490000001
2018-05-28,571.27,572.08,506.82,525.0,29723.54852
2018-05-29,525.0,585.0,514.6,569.99,42797.04063
2018-05-30,569.99,575.22,542.0,563.13,27328.80115
2018-05-31,563.13,584.99,561.0,573.16,25859.355
2018-06-01,573.16,588.61,564.01,575.85,15370.24559
2018-06-02,575.85,599.95,574.94,592.34,12544.70232
2018-06-03,592.34,628.0,592.0,617.73,8603.184974
2018-06-04,617.73,619.77,577.01,582.44,20020.858959999998
2018-06-05,582.44,612.0,575.0,603.91,26175.873069999998
2018-06-06,603.91,615.42,592.84,614.96,16177.77439
2018-06-07,614.96,615.0,598.18,601.85,18250.116680000003
2018-06-08,601.85,608.92,591.28,606.82,19282.73386
2018-06-09,606.82,607.21,570.35,570.46,11509.82012
2018-06-10,570.46,575.73,503.72,532.55,31458.31012
2018-06-11,532.55,536.01,507.69,526.2,32884.99313
2018-06-12,526.2,538.21,485.0,498.0,46309.54038
2018-06-13,498.0,500.0,450.84,485.04,68597.17798
2018-06-14,485.04,526.1,460.0,512.81,51317.45236
2018-06-15,512.81,513.0,482.84,491.86,51531.28976
2018-06-16,491.86,507.88,484.17,507.88,9890.621747
2018-06-17,507.88,507.88,487.32,493.58,7504.947123999999
2018-06-18,493.58,524.44,490.0,514.7,15883.87844
2018-06-19,514.7,547.0,514.2,520.37,22254.23143
2018-06-20,520.37,545.0,517.85,541.89,13383.3172
2018-06-21,541.89,541.89,541.89,541.89,0.0
2018-06-22,517.18,517.86,450.0,465.92,51291.09438
2018-06-23,465.92,480.33,457.4,467.1,11983.686670000001
2018-06-24,467.1,467.1,420.32,450.36,68719.59436
2018-06-25,450.36,472.75,447.56,457.96,27952.29167
2018-06-26,457.96,461.0,425.0,427.2,34432.636360000004
2018-06-27,427.2,445.45,418.85,430.92,21153.31118
2018-06-28,430.92,439.65,416.87,421.1,18860.10798
2018-06-29,421.1,461.0,403.19,446.81,48238.6213
2018-06-30,446.81,458.0,441.15,451.0,5386.865129
2018-07-01,451.0,455.92,444.65,448.9,8306.668459999999
2018-07-02,448.9,483.0,444.05,479.81,20097.66065
2018-07-03,479.81,485.67,451.22,457.21,31636.71735
2018-07-04,457.21,481.6,456.61,469.75,16796.69798
2018-07-05,469.75,478.07,457.75,466.64,18777.944
2018-07-06,466.64,466.64,466.64,466.64,0.0
2018-07-07,467.36,493.0,461.31,482.48,10894.211220000001
2018-07-08,482.48,495.0,479.0,481.97,9201.796035
2018-07-09,481.97,485.0,456.65,459.17,16938.14245
2018-07-10,459.17,464.0,427.11,432.69,29473.20073
2018-07-11,432.69,447.3,425.08,440.95,11752.471440000001
2018-07-12,440.95,441.48,418.47,437.95,14195.1622
2018-07-13,437.95,437.95,437.95,437.95,0.0
2018-07-14,437.95,437.95,429.76,430.04,526.2384875
2018-07-15,433.52,454.27,433.52,447.02,5948.62929
2018-07-16,447.02,481.69,445.17,478.87,17849.49096
2018-07-17,478.87,515.88,465.53,505.89,34815.12105
2018-07-18,505.89,506.6,470.0,474.88,21824.33889
2018-07-19,474.88,483.36,460.01,464.9,20039.18035
2018-07-20,464.9,469.22,441.0,455.95,23902.175580000003
2018-07-21,455.95,467.97,450.26,460.28,3758.593421
2018-07-22,460.28,471.22,453.94,464.57,7248.113459
2018-07-23,464.57,469.0,446.34,449.6,9885.102884
2018-07-24,449.6,485.0,449.6,478.73,18215.83953
2018-07-25,478.73,484.29,463.04,475.35,8236.773399
2018-07-26,475.35,483.99,458.97,462.87,12096.25506
2018-07-27,462.87,462.87,462.87,462.87,0.0
2018-07-28,462.87,462.87,462.87,462.87,0.0
2018-07-29,465.32,469.63,459.49,464.18,2929.648427
2018-07-30,464.18,464.78,445.0,450.57,17886.33911
2018-07-31,450.57,451.56,412.0,416.6,20799.83189
2018-08-01,416.6,426.62,407.49,420.6,29034.934039999996
2018-08-02,420.6,420.6,420.6,420.6,0.0
2018-08-03,420.6,420.6,420.6,420.6,0.0
2018-08-04,418.11,420.0,400.0,408.08,6217.270124000001
2018-08-05,408.08,413.16,401.0,410.85,4468.949268
2018-08-06,410.85,414.0,401.0,404.8,11662.644909999999
2018-08-07,404.8,410.2,369.0,376.74,18938.76859
2018-08-08,376.74,376.75,347.66,358.87,34851.16817
2018-08-09,358.87,370.29,351.3,360.32,15010.208680000002
2018-08-10,360.32,360.32,360.32,360.32,0.0
2018-08-11,360.32,360.32,317.01,318.5,1840.6036170000002
2018-08-12,323.58,327.88,314.99,319.83,23124.81959
2018-08-13,319.83,322.29,250.33,267.72,86625.01021000001
2018-08-14,267.72,291.82,252.0,285.63,69721.18652
2018-08-15,285.63,304.75,277.01,281.45,45008.31462
2018-08-16,281.45,300.0,281.0,297.48,24246.15339
2018-08-17,297.48,321.08,292.3,312.64,65038.42622
2018-08-18,312.64,314.99,283.0,291.3,20060.951930000003
2018-08-19,291.3,306.85,289.49,300.79,25892.374330000002
2018-08-20,300.79,300.82,269.19,276.26,29069.70989
2018-08-21,276.26,298.67,271.24,291.68,27652.442960000004
2018-08-22,291.68,292.34,259.49,271.54,64022.05425
2018-08-23,271.54,280.75,268.17,273.8,24755.33909
2018-08-24,273.8,283.0,270.02,280.4,20234.32711
2018-08-25,280.4,280.69,270.5,271.31,8886.444120999999
2018-08-26,271.31,276.21,269.61,272.17,7688.972863
2018-08-27,272.17,288.38,272.17,283.45,23833.27225
2018-08-28,283.45,297.53,283.45,291.15,19157.048919999997
2018-08-29,291.15,296.18,284.01,286.73,17216.404619999998
2018-08-30,286.73,286.99,272.51,280.54,18583.41915
2018-08-31,280.54,289.12,276.65,288.11,13739.603780000001
2018-09-01,288.11,302.0,280.99,296.34,15053.21257
2018-09-02,296.34,299.61,289.0,291.82,8693.885138
2018-09-03,291.82,292.53,280.56,287.81,15465.485230000002
2018-09-04,287.81,291.97,281.0,284.18,28075.31378
2018-09-05,284.18,284.73,210.12,227.44,79627.0484
2018-09-06,227.44,234.04,210.0,230.25,59786.153360000004
2018-09-07,230.25,231.52,210.07,216.22,47663.14928
2018-09-08,216.22,219.4,175.7,188.94,100254.9835
2018-09-09,188.94,188.94,188.94,188.94,0.0
2018-09-10,198.96,199.78,186.65,195.0,35984.10156
2018-09-11,195.0,195.8,174.47,176.81,51219.42815
2018-09-12,176.81,192.32,167.49,189.54,77814.75275
2018-09-13,189.54,224.79,185.81,218.74,55440.30815
2018-09-14,218.74,218.74,218.74,218.74,0.0
2018-09-15,218.74,218.74,211.0,213.83,1300.560002
2018-09-16,215.17,224.88,207.99,222.93,15108.767269999998
2018-09-17,222.93,222.97,192.21,194.03,51886.96845
2018-09-18,194.03,214.5,193.27,212.64,48056.53439
2018-09-19,212.64,212.99,197.24,208.84,33257.892289999996
2018-09-20,208.84,230.78,206.65,222.68,30245.7596
2018-09-21,222.68,255.22,221.17,240.8,74678.11032
2018-09-22,240.8,244.04,232.73,238.69,10467.3314
2018-09-23,238.69,248.99,238.5,244.75,28599.30085
2018-09-24,244.75,244.91,218.29,220.89,30260.62852
2018-09-25,220.89,221.82,203.2,209.18,31933.460560000003
2018-09-26,209.18,222.49,208.45,217.42,28635.136619999997
2018-09-27,217.42,234.11,210.0,229.31,51221.32737
2018-09-28,229.31,229.31,229.31,229.31,0.0
2018-09-29,218.98,235.71,213.01,230.98,9919.990269
2018-09-30,230.98,238.42,225.95,232.55,7486.4589049999995
2018-10-01,232.55,232.55,223.61,229.4,26515.05486
2018-10-02,229.4,230.0,215.32,217.0,16344.822219999998
2018-10-03,217.0,225.0,214.41,223.72,28598.466589999996
2018-10-04,223.72,225.0,218.81,219.74,15475.09159
2018-10-05,219.74,226.42,219.74,224.93,174.9926862
2018-10-06,224.93,227.22,221.56,224.13,3674.33545
2018-10-07,224.13,225.91,220.35,223.59,4992.751621
2018-10-08,223.59,230.54,222.65,227.79,19843.973680000003
2018-10-09,227.79,229.36,223.3,224.23,20083.858119999997
2018-10-10,224.23,230.0,192.68,201.76,51131.39416
2018-10-11,201.76,203.01,185.29,193.73,44263.916430000005
2018-10-12,193.73,193.73,193.73,193.73,0.0
2018-10-13,193.73,196.45,193.66,195.85,842.7450956
2018-10-14,197.45,201.1,189.19,192.49,12314.90862
2018-10-15,192.49,221.57,191.93,202.67,82385.95861
2018-10-16,202.67,207.89,202.5,205.86,21165.52938
2018-10-17,205.86,206.05,201.35,204.6,11431.196000000002
2018-10-18,204.6,204.78,196.97,199.43,24540.87738
2018-10-19,199.43,199.43,199.43,199.43,0.0
2018-10-20,199.43,200.73,199.43,200.73,4.687530000000001
2018-10-21,204.17,204.87,200.94,201.68,5020.4620159999995
2018-10-22,201.68,203.1,199.7,200.22,17595.71591
2018-10-23,200.22,202.0,197.71,201.5,10167.028209999999
2018-10-24,201.5,203.14,195.0,199.35,29859.980239999997
2018-10-25,199.35,200.55,198.71,199.44,8224.083969
2018-10-26,199.44,204.0,198.52,201.06,15044.63792
2018-10-27,201.06,201.54,200.25,201.17,3059.905436
2018-10-28,201.17,203.08,201.07,202.06,5948.011657
2018-10-29,202.06,202.29,190.52,194.41,25521.47584
2018-10-30,194.41,196.28,192.56,195.18,11476.41363
2018-10-31,195.18,198.99,192.0,196.18,21695.81994
2018-11-01,196.18,199.66,195.56,198.47,12339.27295
2018-11-02,198.47,202.21,197.65,198.94,12478.89986
2018-11-03,198.94,199.36,198.01,198.24,3342.419612
2018-11-04,198.24,217.55,198.01,207.24,20627.69843
2018-11-05,207.24,211.27,205.63,207.27,17108.4053
2018-11-06,207.27,222.78,207.24,219.53,34652.70941
2018-11-07,219.53,221.39,212.0,212.0,15029.702519999999
2018-11-08,212.0,215.07,209.76,211.44,23607.029
2018-11-09,211.44,211.44,207.85,208.36,54.288631
2018-11-10,208.36,212.58,208.0,209.87,3390.915669
2018-11-11,209.87,211.93,206.0,209.89,7198.047181999999
2018-11-12,209.89,210.67,205.16,206.75,9112.099045
2018-11-13,206.75,207.49,202.2,203.95,10754.429979999999
2018-11-14,203.95,204.85,165.0,175.86,98273.60118
2018-11-15,175.86,179.86,165.35,178.41,44656.8691
2018-11-16,178.41,178.41,170.93,171.48,337.19394639999996
2018-11-17,171.48,175.12,170.58,174.53,15877.09998
2018-11-18,174.53,179.55,167.73,169.66,15350.11648
2018-11-19,169.66,169.66,142.38,146.81,93013.24674
2018-11-20,146.81,147.34,120.38,131.27,222936.4854
2018-11-21,131.27,137.27,126.1,134.98,63838.77978
2018-11-22,134.98,135.66,115.2,121.92,64783.1501
2018-11-23,121.92,125.96,117.05,123.31,43212.08641
2018-11-24,123.31,124.1,102.03,103.26,52763.152180000005
2018-11-25,103.26,118.81,98.2,113.89,110392.6038
2018-11-26,113.89,116.85,102.59,104.11,92401.14147999999
2018-11-27,104.11,111.7,99.26,110.88,66393.37474
2018-11-28,110.88,126.0,110.04,116.05,68399.62189
2018-11-29,116.05,123.03,113.15,117.79,46514.8354
2018-11-30,117.79,119.46,109.5,111.6,36528.99254
2018-12-01,111.6,119.38,111.6,116.67,3967.974889
2018-12-02,116.67,116.93,111.28,112.03,23688.47724
2018-12-03,112.03,113.0,104.86,107.1,28451.88863
2018-12-04,107.1,112.05,102.87,106.02,34414.64508
2018-12-05,106.02,107.77,99.52,100.51,36198.25597
2018-12-06,100.51,105.0,81.5,83.78,176878.5419
2018-12-07,83.78,93.05,83.78,93.05,11.21
2018-12-08,93.05,94.18,84.05,90.12,40475.17307
2018-12-09,90.12,94.87,90.12,92.4,3436.8188189999996
2018-12-10,92.4,92.64,87.5,88.76,26943.1174
2018-12-11,88.76,90.95,85.0,86.62,25982.617769999997
2018-12-12,86.62,91.0,86.08,88.37,28966.464139999996
2018-12-13,88.37,90.23,83.77,85.24,47447.58898
2018-12-14,85.24,85.68,80.98,83.98,33057.28832
2018-12-15,83.98,86.45,80.83,85.82,19756.673769999998
2018-12-16,85.82,86.62,83.43,84.12,16033.602680000002
2018-12-17,84.12,97.24,83.94,94.93,61201.45411
2018-12-18,94.93,105.0,91.5,103.5,58580.047999999995
2018-12-19,103.5,109.21,98.0,100.31,69380.75247
2018-12-20,100.31,119.2,99.56,114.24,119999.1594
2018-12-21,114.24,117.53,105.02,107.01,59098.540120000005
2018-12-22,107.01,130.0,105.72,128.81,36325.27674
2018-12-23,128.81,151.17,124.25,150.1,42983.97825
2018-12-24,150.1,159.26,123.0,124.36,80546.05234
2018-12-25,124.36,136.42,122.0,133.5,41516.257860000005
2018-12-26,133.5,134.89,123.6,125.99,20769.19596
2018-12-27,125.99,127.23,112.01,114.27,80902.01788
2018-12-28,114.27,141.0,113.59,135.0,45705.90793
2018-12-29,135.0,147.0,128.84,132.82,20882.54096
2018-12-30,132.82,139.96,132.41,135.24,15771.1723
2018-12-31,135.24,137.61,128.24,130.83,36783.67955
2019-01-01,130.83,140.92,129.77,139.17,22357.750659999998
2019-01-02,139.17,156.83,139.01,152.7,50344.780210000004
2019-01-03,152.7,154.39,144.48,151.52,19865.71068
2019-01-04,151.52,160.0,151.52,158.73,10509.9023
2019-01-05,158.73,160.7,148.3,151.48,30212.93134
2019-01-06,151.48,159.5,150.08,154.81,37936.3217
2019-01-07,154.81,155.63,146.52,147.98,30427.23816
2019-01-08,147.98,153.12,146.98,151.97,24444.94502
2019-01-09,151.97,152.72,148.5,149.57,17213.78647
2019-01-10,149.57,150.0,122.24,127.19,59069.19609
2019-01-11,127.19,128.18,121.66,126.85,15120.145540000001
2019-01-12,126.85,126.85,123.35,124.57,2280.041067
2019-01-13,124.57,125.32,113.4,117.22,29215.005110000002
2019-01-14,117.22,131.47,116.04,128.24,33880.13111
2019-01-15,128.24,130.63,117.03,120.36,36963.89093
2019-01-16,120.36,127.51,119.25,120.48,32639.83527
2019-01-17,120.48,123.8,117.2,121.8,17818.98469
2019-01-18,121.8,121.8,119.35,120.33,316.7330014
2019-01-19,120.33,126.37,120.33,123.2,13927.48443
2019-01-20,123.2,123.61,115.81,116.76,12787.611640000001
2019-01-21,116.76,118.16,113.61,116.54,10350.18282
2019-01-22,116.54,119.59,111.06,118.45,19072.1289
2019-01-23,118.45,118.94,115.0,115.09,16871.58763
2019-01-24,115.09,117.05,113.8,116.2,18438.920319999997
2019-01-25,116.2,117.06,110.0,115.57,19052.55541
2019-01-26,115.57,117.4,112.89,114.83,8816.428891
2019-01-27,114.83,114.83,107.1,107.46,38263.851160000006
2019-01-28,107.46,108.01,100.82,103.98,54604.39698
2019-01-29,103.98,105.91,101.0,104.29,72268.89277
2019-01-30,104.29,110.03,103.8,108.65,23020.53734
2019-01-31,108.65,108.65,103.01,104.36,22145.21435
2019-02-01,104.36,106.44,104.36,106.33,102.7521878
2019-02-02,106.33,110.0,105.27,108.65,9788.603706999998
2019-02-03,108.65,108.91,104.7,105.85,5995.210465
2019-02-04,105.85,107.85,105.2,105.83,8653.391037000001
2019-02-05,105.83,106.66,100.0,102.11,22783.971019999997
2019-02-06,102.11,105.36,100.68,104.03,17292.62527
2019-02-07,104.03,104.74,101.0,103.49,27265.34522
2019-02-08,103.49,121.93,103.26,117.1,43363.88343
2019-02-09,117.1,119.69,116.35,117.86,6597.284703
2019-02-10,117.86,125.02,115.0,119.28,23983.19844
2019-02-11,119.28,121.9,117.24,119.19,14806.370359999999
2019-02-12,119.19,122.35,118.34,121.94,15389.72134
2019-02-13,121.94,125.09,119.59,121.8,17191.96377
2019-02-14,121.8,123.07,118.97,120.53,12226.15066
2019-02-15,120.53,121.38,120.53,121.38,89.97320323
2019-02-16,121.38,123.57,121.0,122.08,3855.486257
2019-02-17,122.08,137.52,121.76,136.73,69432.83332
2019-02-18,136.73,149.13,134.26,145.52,31241.31597
2019-02-19,145.52,147.87,139.29,141.61,35481.53485
2019-02-20,141.61,148.33,139.69,147.0,18167.21523
2019-02-21,147.0,148.55,141.93,145.0,25619.584730000002
2019-02-22,145.0,147.99,142.2,146.22,26661.37479
2019-02-23,146.22,165.5,144.31,163.61,27000.814660000004
2019-02-24,163.61,165.1,129.32,137.9,94902.98985
2019-02-25,137.9,141.02,134.46,137.55,26781.732340000002
2019-02-26,137.55,137.78,133.12,135.21,12930.986490000001
2019-02-27,135.21,139.55,125.77,135.57,31063.68532
2019-02-28,135.57,138.94,131.69,135.62,18430.049880000002
2019-03-01,135.62,135.62,133.0,134.77,4093.524179
2019-03-02,134.77,134.77,129.69,133.14,9695.207518000001
2019-03-03,133.14,133.59,127.0,128.2,8002.378867
2019-03-04,128.2,128.2,122.61,125.33,14934.099540000001
2019-03-05,125.33,138.77,125.16,134.87,31958.479880000003
2019-03-06,134.87,140.18,134.0,138.51,15177.50061
2019-03-07,138.51,139.5,134.75,135.17,16174.23385
2019-03-08,135.17,138.62,130.0,133.72,16763.66579
2019-03-09,133.72,138.04,133.41,135.74,5567.323799
2019-03-10,135.74,135.76,133.47,135.28,3433.7340670000003
2019-03-11,135.28,135.28,129.39,129.46,13697.613019999999
2019-03-12,129.46,134.41,127.69,132.27,14539.127559999999
2019-03-13,132.27,132.48,130.25,131.09,6173.847071
2019-03-14,131.09,134.7,128.9,132.23,14585.942509999999
2019-03-15,132.23,139.15,132.23,138.81,18005.422769999997
2019-03-16,138.81,144.78,136.75,137.29,36118.58515
2019-03-17,137.29,141.2,136.79,139.58,10809.54652
2019-03-18,139.58,139.83,135.57,137.13,12197.36053
2019-03-19,137.13,138.47,136.27,136.94,8393.369829000001
2019-03-20,136.94,139.22,135.53,138.4,26108.43561
2019-03-21,138.4,138.94,132.08,134.62,14557.611830000002
2019-03-22,134.62,136.78,134.62,136.55,309.7281018
2019-03-23,136.55,137.64,135.16,136.01,3362.185131
2019-03-24,136.01,136.51,132.33,135.61,27568.556689999998
2019-03-25,135.61,135.62,130.69,133.37,12538.9269
2019-03-26,133.37,137.0,131.56,136.14,16496.98329
2019-03-27,136.14,139.73,136.14,137.96,13572.047480000001
2019-03-28,137.96,138.45,136.65,137.99,14827.32282
2019-03-29,137.99,145.74,137.99,143.08,2757.029066
2019-03-30,143.08,143.08,140.13,141.1,3468.33103
2019-03-31,141.1,142.91,138.85,142.7,3950.107869
2019-04-01,142.7,142.7,139.85,141.32,10455.50966
2019-04-02,141.32,177.43,141.32,173.08,97205.72427
2019-04-03,173.08,179.94,150.51,160.06,97621.51353
2019-04-04,160.06,164.42,153.58,157.31,53135.52607
2019-04-05,157.31,168.51,157.31,163.62,21342.37725
2019-04-06,163.62,174.49,160.33,167.38,12742.7511
2019-04-07,167.38,188.0,164.75,182.38,51025.61304
2019-04-08,182.38,185.54,174.46,177.82,34852.90494
2019-04-09,177.82,181.16,174.49,179.64,19257.34681
2019-04-10,179.64,185.48,169.14,170.14,31190.42055
2019-04-11,170.14,172.58,159.22,164.61,35150.453069999996
2019-04-12,164.61,166.04,163.8,165.82,1042.7306529999998
2019-04-13,165.82,166.04,162.28,163.0,6749.671194
2019-04-14,163.0,169.79,162.0,167.86,6048.461514
2019-04-15,167.86,168.9,156.0,161.03,19321.45266
2019-04-16,161.03,168.62,160.63,166.79,11742.48747
2019-04-17,166.79,173.83,164.62,172.66,16560.77639
2019-04-18,172.66,176.19,169.3,171.71,16853.297730000002
2019-04-19,171.71,175.45,171.42,174.59,9390.847808
2019-04-20,174.59,177.71,171.0,173.84,5978.212542
2019-04-21,173.84,173.99,166.29,168.59,7240.930751000001
2019-04-22,168.59,173.59,168.48,172.41,8825.022392
2019-04-23,172.41,176.95,165.0,169.97,29212.03298
2019-04-24,169.97,170.59,160.31,164.0,22607.30461
2019-04-25,164.0,165.61,146.9,152.96,35733.55487
2019-04-26,152.96,154.4,152.6,153.73,486.61037360000006
2019-04-27,153.73,158.1,152.65,155.46,8828.831067000001
2019-04-28,155.46,156.72,152.47,154.05,7143.485456
2019-04-29,154.05,155.47,148.82,154.57,12188.396990000001
2019-04-30,154.57,162.65,153.9,160.49,17841.842090000002
2019-05-01,160.49,160.49,156.53,158.72,6386.724709
2019-05-02,158.72,160.56,155.79,159.26,10869.47593
2019-05-03,159.26,169.0,158.96,164.56,19207.60494
2019-05-04,164.56,164.72,158.0,162.45,6167.358007
2019-05-05,162.45,163.65,157.45,159.25,7278.989564
2019-05-06,159.25,180.79,157.8,178.05,30416.99949
2019-05-07,178.05,178.05,162.0,166.83,22553.97267
2019-05-08,166.83,173.2,166.18,170.77,16958.3173
2019-05-09,170.77,171.85,165.3,170.49,12141.86931
2019-05-10,170.49,177.0,170.49,175.95,2615.193744
2019-05-11,175.95,208.23,173.53,193.94,48111.14887
2019-05-12,193.94,204.17,182.43,188.97,47949.64348
2019-05-13,188.97,210.72,186.81,209.15,75540.03392999999
2019-05-14,209.15,230.64,200.0,229.99,75243.39033
2019-05-15,229.99,274.0,225.07,269.92,86527.93337
2019-05-16,269.92,280.41,222.59,238.72,97183.66408
2019-05-17,238.72,248.73,223.48,243.93,35069.75316
2019-05-18,243.93,255.09,231.35,253.12,15570.02143
2019-05-19,253.12,264.84,245.44,255.32,17954.91821
2019-05-20,255.32,257.68,239.23,251.7,20499.58
2019-05-21,251.7,264.42,248.0,256.23,20129.69248
2019-05-22,256.23,259.42,240.0,243.5,30611.624439999996
2019-05-23,243.5,248.51,231.5,245.0,14329.117369999998
2019-05-24,245.0,256.11,242.52,252.22,9027.483225
2019-05-25,252.22,258.48,248.0,248.86,8976.632692000001
2019-05-26,248.86,272.19,246.4,269.04,22585.5736
2019-05-27,269.04,279.99,264.65,271.31,23905.82492
2019-05-28,271.31,276.39,265.49,268.46,13147.67397
2019-05-29,268.46,285.97,260.14,283.03,28809.590389999998
2019-05-30,283.03,288.93,239.0,253.03,46225.268939999994
2019-05-31,253.03,273.0,253.03,269.74,1145.288528
2019-06-01,269.74,271.94,261.13,265.88,3944.1819259999997
2019-06-02,265.88,274.0,264.42,268.94,5784.675407
2019-06-03,268.94,269.53,237.21,243.71,22802.785669999997
2019-06-04,243.71,250.96,232.93,242.14,14452.48811
2019-06-05,242.14,249.14,237.28,247.19,12202.91346
2019-06-06,247.19,251.48,235.52,246.41,12549.50814
2019-06-07,246.41,254.36,240.0,247.51,34281.88873
2019-06-08,247.51,250.47,240.0,242.11,5628.761251
2019-06-09,242.11,245.33,226.55,234.63,6032.633757
2019-06-10,234.63,249.04,233.05,245.39,7333.441697
2019-06-11,245.39,250.88,237.26,248.91,8920.921072
2019-06-12,248.91,264.52,246.48,259.61,15245.03946
2019-06-13,259.61,260.91,253.0,253.93,586.1152112999999
2019-06-14,253.93,267.29,252.99,264.8,10069.67928
2019-06-15,264.8,273.67,262.03,271.73,5786.799351
2019-06-16,271.73,279.0,263.55,270.85,10675.79733
2019-06-17,270.85,275.79,267.73,271.03,11580.28658
2019-06-18,271.03,271.95,261.02,265.77,11433.98121
2019-06-19,265.77,271.29,265.04,270.16,8954.826751
2019-06-20,270.16,284.85,266.33,280.35,15982.34714
2019-06-21,280.35,308.74,279.6,303.5,26281.36945
2019-06-22,303.5,316.13,300.0,313.56,47976.867710000006
2019-06-23,313.56,317.68,295.23,302.06,7324.601986
2019-06-24,302.06,313.23,301.47,310.58,11470.40819
2019-06-25,310.58,334.0,305.0,331.02,22889.77673
2019-06-26,331.02,363.85,313.48,334.85,70453.25745
2019-06-27,334.85,336.78,274.2,294.25,54154.21227999999
2019-06-28,294.25,312.55,291.5,294.59,26196.35855
2019-06-29,294.59,324.19,291.73,319.01,12535.1007
2019-06-30,319.01,319.52,286.14,298.5,16885.02918
2019-07-01,298.5,298.5,298.5,298.5,0.0
2019-07-02,298.5,298.5,271.42,295.1,24396.42896
2019-07-03,295.1,303.8,289.73,298.23,12817.15885
2019-07-04,298.23,298.85,280.05,285.45,12516.33822
2019-07-05,285.45,295.0,283.23,294.21,7463.049579
2019-07-06,294.21,297.78,284.53,287.59,5051.443847
2019-07-07,287.59,310.98,286.72,305.42,7093.165754000001
2019-07-08,305.42,318.4,303.89,315.32,25971.35612
2019-07-09,315.32,318.0,303.15,311.38,20919.33311
2019-07-10,311.38,311.94,281.16,283.31,37728.99918
2019-07-11,283.31,283.31,266.62,268.23,725.4725755
2019-07-12,268.23,279.55,266.85,273.0,9476.821371
2019-07-13,273.0,273.11,261.89,268.76,4750.45739
2019-07-14,268.76,268.76,202.61,222.48,76635.3374
2019-07-15,222.48,235.97,217.87,227.81,41652.89767
2019-07-16,227.81,229.39,190.0,197.95,79412.4244
2019-07-17,197.95,220.0,192.19,212.75,33468.6645
2019-07-18,212.75,229.49,206.56,222.83,31313.2053
2019-07-19,222.83,229.17,213.16,227.1,16080.003509999999
2019-07-20,227.1,236.0,223.05,224.5,16873.18389
2019-07-21,224.5,228.95,217.85,226.05,2784.768893
2019-07-22,226.05,226.72,211.43,216.43,20996.0819
2019-07-23,216.43,219.0,201.02,204.59,17559.902169999998
2019-07-24,204.59,225.9,202.8,222.4,11609.665659999999
2019-07-25,222.4,222.4,212.79,214.76,716.6081174
2019-07-26,214.76,223.8,213.5,222.66,7744.973582
2019-07-27,222.66,222.66,202.01,207.4,9903.384997
2019-07-28,207.4,215.23,197.77,212.33,8100.583184
2019-07-29,212.33,213.67,203.66,206.72,8778.555758
2019-07-30,206.72,214.77,205.65,212.11,7615.90879
2019-07-31,212.11,218.92,211.23,214.12,7310.660306999999
2019-08-01,214.12,218.07,212.29,216.03,10170.464759999999
2019-08-02,216.03,224.5,215.0,222.29,9105.581148000001
2019-08-03,222.29,223.52,218.02,219.64,8996.353678
2019-08-04,219.64,231.0,217.33,229.72,7548.070107
2019-08-05,229.72,236.8,226.94,228.4,13002.76982
2019-08-06,228.4,239.14,222.61,226.3,14852.08025
2019-08-07,226.3,231.22,220.12,225.49,15532.02094
2019-08-08,225.49,225.49,217.24,217.33,1406.019433
2019-08-09,217.33,218.36,206.89,211.51,17316.70941
2019-08-10,211.51,212.95,200.75,210.48,16628.694180000002
2019-08-11,210.48,216.54,206.51,213.88,5797.323121
2019-08-12,213.88,214.25,208.23,209.74,11701.82489
2019-08-13,209.74,210.99,202.91,207.75,15698.97171
2019-08-14,207.75,207.84,181.71,183.86,55899.26134
2019-08-15,183.86,189.69,173.58,186.76,41036.479360000005
2019-08-16,186.76,187.71,177.99,184.32,23148.653009999998
2019-08-17,184.32,187.19,181.99,184.0,2795.504818
2019-08-18,184.0,198.03,183.4,196.3,6268.363784
2019-08-19,196.3,203.57,194.52,198.25,13868.948919999999
2019-08-20,198.25,200.78,190.08,190.7,14623.19825
2019-08-21,190.7,190.7,180.0,184.32,18414.24764
2019-08-22,184.32,194.83,184.32,191.9,1510.848503
2019-08-23,191.9,196.6,188.86,192.63,6324.601401
2019-08-24,192.63,193.23,186.42,190.12,4514.905622
2019-08-25,190.12,193.85,182.74,190.62,7659.691631000001
2019-08-26,190.62,191.38,184.62,185.83,4473.897364
2019-08-27,185.83,189.12,184.56,185.23,4317.076101
2019-08-28,185.23,188.09,165.71,169.43,26959.88889
2019-08-29,169.43,171.74,163.6,167.87,17247.38838
2019-08-30,167.87,170.33,165.63,169.24,5253.2401549999995
2019-08-31,169.24,174.5,166.38,173.0,2075.191021
2019-09-01,173.0,173.02,168.02,171.18,3121.73114
2019-09-02,171.18,181.67,170.7,178.88,10211.94551
2019-09-03,178.88,183.3,173.72,179.83,14513.91783
2019-09-04,179.83,180.35,173.47,174.8,9148.053412000001
2019-09-05,174.8,175.53,173.94,174.59,467.186646
2019-09-06,174.59,174.59,169.05,169.36,147.11245
2019-09-07,169.36,184.53,169.16,183.28,14203.788069999999
2019-09-08,183.28,184.54,176.62,178.39,9255.75357
2019-09-09,178.39,185.94,176.14,182.55,10001.60714
2019-09-10,182.55,183.31,176.68,179.78,10798.931209999999
2019-09-11,179.78,180.86,173.7,177.98,10187.65279
2019-09-12,177.98,182.6,176.45,180.67,2228.4488890000002
2019-09-13,180.67,181.68,177.7,180.53,4301.0648009999995
2019-09-14,180.53,191.03,180.32,186.7,6768.042769
2019-09-15,186.7,195.35,186.61,194.05,6063.8370270000005
2019-09-16,194.05,199.75,188.58,197.6,14960.69799
2019-09-17,197.6,215.0,196.96,211.23,16971.75926
2019-09-18,211.23,217.25,202.34,204.58,15460.8297
2019-09-19,204.58,204.58,204.58,204.58,0.0
2019-09-20,219.58,221.4,212.01,218.93,6867.876316
2019-09-21,218.93,219.25,208.66,209.2,8190.631498000001
2019-09-22,209.2,213.0,206.12,208.0,3617.676136
2019-09-23,208.0,210.71,198.34,201.11,11406.34066
2019-09-24,201.11,201.63,152.39,170.27,60594.36042999999
2019-09-25,170.27,173.4,162.47,168.54,14037.397719999999
2019-09-26,168.54,170.93,152.11,165.02,26701.85917
2019-09-27,165.02,177.08,161.17,174.95,14142.847890000001
2019-09-28,174.95,175.75,168.57,171.37,7423.982928
2019-09-29,171.37,172.07,164.7,168.58,4674.622297
2019-09-30,168.58,185.75,165.11,182.97,21684.07273
2019-10-01,182.97,184.05,173.85,176.06,12148.815340000001
2019-10-02,176.06,181.9,174.21,180.04,9077.300992
2019-10-03,180.04,180.04,180.04,180.04,0.0
2019-10-04,173.25,179.47,170.84,175.94,7162.322593000001
2019-10-05,175.94,177.13,172.11,175.05,2026.7743079999998
2019-10-06,175.05,176.02,167.6,172.14,6475.831808
2019-10-07,172.14,185.09,170.55,182.66,9055.325093000001
2019-10-08,182.66,183.44,177.59,179.89,8380.239401
2019-10-09,179.89,198.0,179.6,193.51,21228.6801
2019-10-10,193.51,194.89,187.47,193.06,6808.607269
2019-10-11,193.06,197.77,179.61,182.75,18163.92165
2019-10-12,182.75,184.83,177.44,182.01,6353.195729
2019-10-13,182.01,184.69,178.84,182.53,5125.884703
2019-10-14,182.53,188.43,181.15,185.25,15979.774269999998
2019-10-15,185.25,185.62,177.08,179.35,15065.708680000002
2019-10-16,179.35,180.22,171.59,173.61,21586.74484
2019-10-17,173.61,179.0,172.77,175.87,7082.68125
2019-10-18,175.87,176.33,168.41,173.94,9885.032417
2019-10-19,173.94,175.09,169.62,170.33,4228.354324
2019-10-20,170.33,176.8,169.76,174.68,5408.639577
2019-10-21,174.68,177.9,171.93,175.14,6452.664416
2019-10-22,175.14,175.37,164.12,166.71,11816.45033
2019-10-23,166.71,167.6,153.0,160.24,32675.1138
2019-10-24,160.24,160.24,160.24,160.24,0.0
2019-10-25,160.24,199.38,160.24,186.61,13314.4872
2019-10-26,186.61,190.37,173.91,178.31,8692.593524
2019-10-27,178.31,189.82,177.31,184.8,5506.590567
2019-10-28,184.8,186.19,180.88,184.27,10703.28245
2019-10-29,184.27,193.0,184.26,189.7,11479.51294
2019-10-30,189.7,190.11,180.11,182.88,9755.98572
2019-10-31,182.88,185.23,178.01,180.7,8534.140809999999
2019-11-01,180.7,184.93,177.31,183.25,7907.947097
2019-11-02,183.25,186.27,182.02,184.4,2567.63283
2019-11-03,184.4,184.4,179.02,181.36,2167.087139
2019-11-04,181.36,189.43,180.5,186.24,5254.440864
2019-11-05,186.24,192.64,182.51,189.89,17224.23867
2019-11-06,189.89,194.79,188.3,189.38,12599.57588
2019-11-07,189.38,189.95,184.5,187.8,5447.725536
2019-11-08,187.8,188.03,180.7,184.41,4987.730094
2019-11-09,184.41,185.75,182.76,183.97,1539.850502
2019-11-10,183.97,192.12,183.95,188.9,6471.027911
2019-11-11,188.9,189.07,183.84,185.13,4930.917278
2019-11-12,185.13,185.13,185.13,185.13,0.0
2019-11-13,185.63,189.4,185.14,187.27,6015.800378
2019-11-14,187.27,187.27,180.39,181.75,7749.312415
2019-11-15,181.75,186.53,177.0,179.63,8243.56467
2019-11-16,179.63,183.43,179.63,181.68,1247.72436
2019-11-17,181.68,186.3,179.98,182.95,1410.457431
2019-11-18,182.95,183.87,174.43,176.89,9251.002655
2019-11-19,176.89,176.89,176.89,176.89,0.0
2019-11-20,176.89,177.25,173.0,175.0,8763.440383
2019-11-21,175.0,175.0,175.0,175.0,0.0
2019-11-22,160.01,161.96,137.8,151.89,47163.70353
2019-11-23,151.89,154.44,147.27,150.13,7279.58182
2019-11-24,150.13,151.35,136.27,136.82,14022.690169999998
2019-11-25,136.82,151.69,132.03,149.13,27403.342589999997
2019-11-26,149.13,149.86,143.77,145.41,8617.022244
2019-11-27,145.41,155.77,141.0,152.59,21287.99585
2019-11-28,152.59,154.64,149.52,152.63,5718.09628
2019-11-29,152.63,157.64,151.36,154.1,6293.146947
2019-11-30,154.1,155.1,146.16,146.89,8121.473554000001
2019-12-01,146.89,152.28,146.27,150.2,2466.446467
2019-12-02,150.2,150.67,146.9,149.3,5319.816042
2019-12-03,149.3,149.74,143.46,144.76,6362.835316
2019-12-04,144.76,152.36,143.51,144.99,13902.119030000002
2019-12-05,144.99,144.99,144.99,144.99,0.0
2019-12-06,147.44,149.85,145.9,148.69,6128.362617
2019-12-07,148.69,149.82,146.4,146.97,1617.421094
2019-12-08,146.97,151.99,146.7,150.48,3334.935783
2019-12-09,150.48,151.45,146.4,147.13,5485.59489
2019-12-10,147.13,147.33,144.0,145.22,2924.856878
2019-12-11,145.22,146.0,139.02,141.9,7800.599914
2019-12-12,141.9,141.9,141.9,141.9,0.0
2019-12-13,141.9,144.5,141.9,144.5,15.930579000000002
2019-12-14,144.5,144.55,140.0,140.93,3073.089982
2019-12-15,140.93,144.08,140.62,141.29,2063.118545
2019-12-16,141.29,141.29,141.29,141.29,0.0
2019-12-17,131.72,132.5,120.0,123.85,17865.13754
2019-12-18,123.85,134.94,116.21,129.29,16664.55312
2019-12-19,129.29,129.29,129.29,129.29,0.0
2019-12-20,126.8,129.4,125.81,127.5,6413.793861
2019-12-21,127.5,127.94,126.68,127.26,2324.1320600000004
2019-12-22,127.26,135.19,127.0,133.74,7271.932204000001
2019-12-23,133.74,134.24,126.23,127.77,9866.230935
2019-12-24,127.77,129.49,125.21,125.73,4244.168454
2019-12-25,125.73,126.33,123.4,124.28,2664.905888
2019-12-26,124.28,132.0,124.18,126.1,6455.294142
2019-12-27,126.1,128.03,122.2,126.93,5458.432431
2019-12-28,126.93,129.5,126.54,127.86,4374.136854
2019-12-29,127.86,137.53,127.53,133.94,7210.679502
2019-12-30,133.94,135.77,130.0,130.91,10820.12358
2019-12-31,130.91,133.37,127.77,129.83,16241.987769999998
2020-01-01,129.83,132.57,128.31,128.62,9736.078194
2020-01-02,128.62,129.76,125.6,126.4,13420.6853
2020-01-03,126.4,134.72,126.4,133.36,21187.54445
2020-01-04,133.36,136.06,132.58,136.06,7025.371898
2020-01-05,136.06,139.57,134.1,139.38,8909.293603
2020-01-06,139.38,148.97,138.64,143.65,34646.76089
2020-01-07,143.65,148.18,139.02,144.77,13012.65258
2020-01-08,144.77,145.37,137.33,139.81,14115.520880000002
2020-01-09,139.81,139.81,136.23,136.56,594.1910366000001
2020-01-10,136.56,145.32,135.36,143.79,14168.93471
2020-01-11,143.79,148.19,141.95,143.86,9623.186756000001
2020-01-12,143.86,146.95,142.66,143.55,4429.211435
2020-01-13,143.55,149.99,142.43,149.24,13606.85365
2020-01-14,149.24,172.0,148.06,162.78,40490.16877
2020-01-15,162.78,168.61,158.48,159.77,21279.609809999998
2020-01-16,159.77,167.04,159.15,164.86,15249.62958
2020-01-17,164.86,174.32,164.61,171.76,19318.51701
2020-01-18,171.76,179.65,165.1,176.26,11214.7891
2020-01-19,176.26,176.98,162.0,165.24,16961.28746
2020-01-20,165.24,169.31,161.16,167.62,20352.30039
2020-01-21,167.62,169.78,164.4,168.4,7328.818633
2020-01-22,168.4,170.99,164.0,164.86,17002.81308
2020-01-23,164.86,164.86,157.64,159.13,778.2572162
2020-01-24,159.13,165.0,155.11,158.89,7895.695345
2020-01-25,158.89,162.6,158.44,161.18,3947.211172
2020-01-26,161.18,169.37,160.11,167.45,5469.896301
2020-01-27,167.45,173.61,164.81,172.8,11253.53373
2020-01-28,172.8,177.45,169.96,176.4,12044.605109999999
2020-01-29,176.4,178.49,170.54,172.98,12934.40792
2020-01-30,172.98,186.88,172.98,183.01,25732.16736
2020-01-31,183.01,184.05,175.33,182.65,12905.526909999999
2020-02-01,182.65,183.93,179.84,180.34,4269.538004999999
2020-02-02,180.34,196.0,178.82,191.42,20849.81248
2020-02-03,191.42,191.97,186.56,187.58,10351.87242
2020-02-04,187.58,189.67,183.97,189.05,7921.5492030000005
2020-02-05,189.05,207.99,188.56,206.26,20471.12194
2020-02-06,206.26,220.0,206.26,217.06,693.4755169
2020-02-07,217.06,224.29,213.49,217.56,17912.89269
2020-02-08,217.56,229.34,217.3,228.86,13407.44815
2020-02-09,228.86,230.99,223.8,225.41,14951.3345
2020-02-10,225.41,225.47,217.09,218.8,20898.80869
2020-02-11,218.8,248.1,218.13,245.15,34629.544989999995
2020-02-12,245.15,276.0,245.15,269.9,54792.6793
2020-02-13,269.9,278.34,256.42,266.6,33197.99658
2020-02-14,266.6,289.58,260.36,282.62,23004.33499
2020-02-15,282.62,286.12,258.15,271.17,16958.72784
2020-02-16,271.17,273.96,236.56,249.76,44157.60835
2020-02-17,249.76,272.27,242.58,268.9,16926.53346
2020-02-18,268.9,286.54,259.39,280.29,23325.78966
2020-02-19,280.29,287.41,251.07,260.87,30243.6491
2020-02-20,260.87,266.05,258.78,262.66,1301.331542
2020-02-21,262.66,268.57,257.82,263.02,8108.286926000001
2020-02-22,263.02,266.51,256.8,265.74,6435.876488
2020-02-23,265.74,278.0,265.69,268.54,16034.123880000001
2020-02-24,268.54,272.67,256.64,261.9,16473.01085
2020-02-25,261.9,264.96,235.81,238.72,32573.21641
2020-02-26,238.72,241.97,209.77,218.53,36981.53126
2020-02-27,218.53,238.27,216.88,230.08,21979.33393
2020-02-28,230.08,232.45,213.0,230.58,17193.29721
2020-02-29,230.58,233.36,216.25,223.69,9666.972847
2020-03-01,223.69,227.77,212.16,218.82,15374.80336
2020-03-02,218.82,234.93,218.7,231.97,32037.3103
2020-03-03,231.97,232.82,219.93,226.38,40957.27899
2020-03-04,226.38,228.64,220.38,226.8,22701.59791
2020-03-05,226.8,231.14,226.8,229.67,314.380046
2020-03-06,229.67,247.02,229.17,244.46,12755.080909999999
2020-03-07,244.46,252.16,229.64,231.69,9557.821673999999
2020-03-08,231.69,233.11,196.1,201.83,33947.19362
2020-03-09,201.83,208.5,189.97,202.63,43594.71215
2020-03-10,202.63,206.28,195.72,201.84,30844.39986
2020-03-11,201.84,202.24,181.63,183.11,41583.943589999995
2020-03-12,183.11,183.11,119.63,135.47,14267.58584
2020-03-13,135.47,138.99,130.56,134.39,5201.799793
2020-03-14,134.39,134.39,120.5,121.05,34772.10537
2020-03-15,121.05,133.9,119.49,122.0,47973.97828
2020-03-16,122.0,122.03,100.7,117.69,140738.2737
2020-03-17,117.69,120.44,113.0,117.77,25545.87802
2020-03-18,117.77,120.44,110.31,116.33,31907.208789999997
2020-03-19,116.33,143.5,116.07,135.15,52647.58083
2020-03-20,135.15,153.17,115.0,134.24,98750.50488
2020-03-21,134.24,137.67,125.79,135.95,40747.81113
2020-03-22,135.95,137.35,119.17,125.14,43244.51349
2020-03-23,125.14,138.38,120.75,134.71,59761.83772
2020-03-24,134.71,144.14,133.17,136.25,66472.06892
2020-03-25,136.25,142.88,132.87,137.67,31627.35023
2020-03-26,137.67,142.38,137.5,139.77,2154.5112710000003
2020-03-27,139.77,139.77,124.7,126.29,5249.383099000001
2020-03-28,126.29,133.45,125.38,130.44,11951.37829
2020-03-29,130.44,130.44,123.87,126.97,12208.28668
2020-03-30,126.97,135.56,126.85,132.51,32555.22403
2020-03-31,132.51,135.4,130.77,132.92,12367.875409999999
2020-04-01,132.92,139.17,128.93,136.6,19937.97197
2020-04-02,136.6,150.32,135.99,141.72,30844.539539999998
2020-04-03,141.72,146.87,137.85,140.18,34677.11251
2020-04-04,140.18,146.5,139.5,144.27,11050.80697
2020-04-05,144.27,145.06,141.0,144.21,9287.564261
2020-04-06,144.21,176.74,144.21,171.24,68128.83157000001
2020-04-07,171.24,175.7,162.34,172.21,39818.73022
2020-04-08,172.21,174.81,166.14,170.44,16298.845790000001
2020-04-09,170.44,171.15,163.0,163.71,4204.386056
2020-04-10,163.71,164.18,152.46,160.38,35924.97081
2020-04-11,160.38,161.49,154.25,156.25,9950.315461
2020-04-12,156.25,165.37,150.12,152.59,17653.14867
2020-04-13,152.59,159.51,150.99,158.32,13246.0295
2020-04-14,158.32,162.15,155.74,160.62,19628.10716
2020-04-15,160.62,161.52,148.5,153.26,16456.704130000002
2020-04-16,153.26,175.03,152.64,171.74,37096.81207
2020-04-17,171.74,175.0,168.67,173.36,14668.407009999999
2020-04-18,173.36,190.06,171.99,187.85,22877.01845
2020-04-19,187.85,189.08,176.9,184.34,12339.27449
2020-04-20,184.34,186.84,166.88,172.06,32058.8034
2020-04-21,172.06,174.73,168.53,171.83,21530.82758
2020-04-22,171.83,187.45,171.35,183.37,25231.839669999998
2020-04-23,183.37,191.0,183.37,188.41,7657.152189
2020-04-24,188.41,189.99,184.57,188.45,9664.303285
2020-04-25,188.45,198.0,187.74,195.03,10887.2948
2020-04-26,195.03,200.0,192.59,197.64,11378.00804
2020-04-27,197.64,197.98,189.57,194.51,16220.73971
2020-04-28,194.51,199.92,192.71,198.4,10715.43498
2020-04-29,198.4,226.54,197.88,225.98,32151.3228
2020-04-30,225.98,227.54,202.5,208.78,40093.08725
2020-05-01,208.78,217.22,208.46,213.4,12634.256940000001
2020-05-02,213.4,219.09,210.75,218.25,6983.78165
2020-05-03,218.25,218.64,202.4,203.98,11529.27837
2020-05-04,203.98,209.28,195.33,206.49,16311.27013
2020-05-05,206.49,212.08,201.63,206.83,9264.15715
2020-05-06,206.83,211.34,197.0,205.31,16353.933819999998
2020-05-07,205.31,217.03,203.23,213.16,18966.47534
2020-05-08,213.16,215.25,207.41,213.98,10693.71413
2020-05-09,213.98,214.39,178.51,186.14,24966.69699
2020-05-10,186.14,193.69,180.0,189.06,15388.539859999999
2020-05-11,189.06,193.47,176.26,188.86,25940.260619999997
2020-05-12,188.86,192.45,187.05,190.79,19579.21992
2020-05-13,190.79,201.41,188.37,199.25,17214.94286
2020-05-14,199.25,203.23,197.61,199.44,4361.9079520000005
2020-05-15,199.44,201.94,191.49,198.88,22740.84518
2020-05-16,198.88,203.24,197.61,201.53,10853.728490000001
2020-05-17,201.53,216.05,200.57,215.14,16312.03375
2020-05-18,215.14,216.92,208.95,210.18,22178.06468
2020-05-19,210.18,215.8,209.36,212.76,12479.59658
2020-05-20,212.76,215.64,206.0,208.9,10736.934009999999
2020-05-21,208.9,209.83,191.5,196.84,18791.19991
2020-05-22,196.84,211.36,196.51,209.86,10328.40452
2020-05-23,209.86,210.51,204.9,209.23,3777.779321
2020-05-24,209.23,210.86,198.0,202.38,11806.73213
2020-05-25,202.38,205.74,201.59,204.96,6663.290031
2020-05-26,204.96,204.96,196.81,201.82,13642.563930000002
2020-05-27,201.82,208.98,201.39,206.42,9707.568073999999
2020-05-28,206.42,224.75,206.42,221.95,4005.160611
2020-05-29,221.95,223.38,217.66,222.87,15212.13601
2020-05-30,222.87,247.36,222.46,237.41,30564.180930000002
2020-05-31,237.41,240.42,229.66,238.68,11783.71812
2020-06-01,238.68,252.18,235.0,247.3,28842.984989999997
2020-06-02,247.3,253.19,224.99,235.73,38341.70732
2020-06-03,235.73,246.73,233.45,245.55,9766.51185
2020-06-04,245.55,246.34,236.33,242.44,16259.05754
2020-06-05,242.44,247.73,237.79,240.11,11584.3253
2020-06-06,240.11,244.45,239.41,243.26,14385.63106
2020-06-07,243.26,245.5,234.91,244.27,8661.513403
2020-06-08,244.27,250.0,238.63,243.46,19255.69447
2020-06-09,243.46,245.54,240.85,243.99,10095.45843
2020-06-10,243.99,250.96,241.74,248.14,12952.11175
2020-06-11,248.14,249.08,226.0,233.24,29853.632830000002
2020-06-12,233.24,239.05,232.42,235.79,10674.29399
2020-06-13,235.79,238.7,234.8,237.66,4313.067278
2020-06-14,237.66,237.97,224.82,225.47,11684.78714
2020-06-15,225.47,234.47,218.2,233.03,25861.68069
2020-06-16,233.03,235.98,231.34,232.77,6489.7461060000005
2020-06-17,232.77,238.0,227.54,233.31,34111.00498
2020-06-18,233.31,233.31,226.32,227.54,1484.6668650000001
2020-06-19,227.54,231.77,227.04,230.29,20291.64985
2020-06-20,230.29,230.37,225.75,229.6,3811.401302
2020-06-21,229.6,234.39,227.0,234.25,19582.354059999998
2020-06-22,234.25,246.43,233.7,242.74,17866.816909999998
2020-06-23,242.74,245.96,241.4,245.19,8741.721578
2020-06-24,245.19,249.2,227.33,229.42,35768.79383
2020-06-25,229.42,235.23,229.11,232.2,18277.14325
2020-06-26,232.2,232.79,227.29,229.45,10121.29758
2020-06-27,229.45,231.23,216.0,219.23,13677.22957
2020-06-28,219.23,227.82,217.98,224.39,7080.520205
2020-06-29,224.39,229.98,221.18,227.26,10306.65491
2020-06-30,227.26,227.73,223.13,225.57,7747.414325
2020-07-01,225.57,232.79,224.97,231.17,11371.47675
2020-07-02,231.17,231.17,226.19,226.52,476.2449579
2020-07-03,226.52,228.47,224.35,226.18,6377.982677
2020-07-04,226.18,230.63,225.34,228.19,4901.597341
2020-07-05,228.19,228.88,223.71,227.84,4509.196728
2020-07-06,227.84,244.0,227.84,239.49,18081.31119
2020-07-07,239.49,242.15,234.77,241.75,9256.570026000001
2020-07-08,241.75,249.05,238.3,244.82,23075.5712
2020-07-09,244.82,247.79,237.66,240.18,17424.61103
2020-07-10,240.18,241.78,235.7,240.3,13632.284130000002
2020-07-11,240.3,242.01,236.47,240.91,27616.27088
2020-07-12,240.91,243.84,235.98,241.55,22423.71917
2020-07-13,241.55,245.28,236.94,238.85,24319.78487
2020-07-14,238.85,242.16,237.0,239.29,19972.53599
2020-07-15,239.29,240.15,236.39,238.18,9055.720651
2020-07-16,238.18,238.18,232.84,233.23,3589.978399
2020-07-17,233.23,234.63,231.66,233.12,3730.388486
2020-07-18,233.12,237.13,232.96,235.24,9587.198003
2020-07-19,235.24,239.98,233.0,238.91,10117.80186
2020-07-20,238.91,239.37,234.04,236.88,18742.1075
2020-07-21,236.88,247.05,236.76,244.8,13347.09272
2020-07-22,244.8,269.7,241.62,264.26,24168.70265
2020-07-23,264.26,280.8,260.26,273.54,30675.64543
2020-07-24,273.54,287.56,268.47,283.45,27498.598260000002
2020-07-25,283.45,309.33,282.0,303.14,24683.0192
2020-07-26,303.14,329.71,301.26,325.83,19855.19743
2020-07-27,325.83,334.0,311.0,320.15,43894.73844
2020-07-28,320.15,323.43,306.36,316.59,17594.2101
2020-07-29,316.59,325.69,314.69,316.64,10058.31415
2020-07-30,316.64,337.04,316.64,329.46,2778.506616
2020-07-31,329.46,352.96,329.46,352.6,33996.29077
2020-08-01,352.6,408.37,350.87,408.37,22180.30736
2020-08-02,408.37,419.37,325.72,379.35,59681.041639999996
2020-08-03,379.35,403.14,379.35,391.28,21335.97135
2020-08-04,391.28,397.26,381.0,389.6,17046.712340000002
2020-08-05,389.6,408.49,387.68,396.13,19783.63409
2020-08-06,396.13,401.09,391.0,396.14,13066.43578
2020-08-07,396.14,397.71,363.41,378.35,23277.52398
2020-08-08,378.35,400.56,377.57,396.03,12571.4168
2020-08-09,396.03,398.92,383.99,398.13,10855.0072
2020-08-10,398.13,400.53,385.7,394.17,14008.723259999999
2020-08-11,394.17,396.2,366.31,377.83,33137.74688
2020-08-12,377.83,395.0,365.73,395.0,17834.90672
2020-08-13,395.0,432.0,376.64,421.67,41938.89959
2020-08-14,421.67,445.0,419.78,439.68,25736.025990000002
2020-08-15,439.68,441.04,421.11,426.78,8240.635926
2020-08-16,426.78,437.08,412.68,427.09,9505.383331
2020-08-17,427.09,447.72,420.0,430.83,22240.67071
2020-08-18,430.83,431.94,413.71,415.62,10559.42441
2020-08-19,415.62,417.03,393.63,407.0,18769.46615
2020-08-20,407.0,416.75,407.0,416.44,938.2404787
2020-08-21,416.44,416.55,379.93,385.45,18343.36531
2020-08-22,385.45,397.6,381.9,390.23,10574.32912
2020-08-23,390.23,395.58,383.96,393.39,4476.558378
2020-08-24,393.39,410.6,391.65,401.32,7707.338239
2020-08-25,401.32,403.06,369.98,386.57,15982.05224
2020-08-26,386.57,393.21,377.88,384.45,9533.202783
2020-08-27,384.45,388.5,379.82,386.55,1382.638099
2020-08-28,386.55,398.06,386.48,394.86,8130.830805
2020-08-29,394.86,407.17,393.62,405.16,5849.6640990000005
2020-08-30,405.16,433.0,402.8,425.68,21960.39115
2020-08-31,425.68,444.48,418.31,443.88,11187.94009
2020-09-01,443.88,488.88,442.5,470.28,26135.01576
2020-09-02,470.28,481.3,421.13,443.19,28664.76229
2020-09-03,443.19,446.14,372.01,383.69,42486.20438
2020-09-04,383.69,400.68,358.88,387.58,29474.49215
2020-09-05,387.58,389.48,305.92,328.75,32803.31728
2020-09-06,328.75,360.63,316.56,348.44,20455.647390000002
2020-09-07,348.44,356.7,323.68,349.33,12039.87773
2020-09-08,349.33,350.79,325.55,334.0,23322.32922
2020-09-09,334.0,371.48,332.31,370.96,11145.27593
2020-09-10,370.96,370.96,356.87,357.02,1414.665519
2020-09-11,357.02,375.38,356.33,369.86,7277.783143000001
2020-09-12,369.86,389.4,365.11,389.03,5268.340268999999
2020-09-13,389.03,390.65,349.0,366.22,12292.481670000001
2020-09-14,366.22,384.38,362.15,376.1,13297.51984
2020-09-15,376.1,379.12,355.02,360.09,14082.74723
2020-09-16,360.09,385.14,359.01,377.0,15201.416180000002
2020-09-17,377.0,394.31,375.04,387.45,11104.24661
2020-09-18,387.45,387.45,375.27,383.18,3828.3130810000002
2020-09-19,383.18,387.93,377.5,381.55,4877.159629
2020-09-20,381.55,382.48,365.0,374.99,6585.735677000001
2020-09-21,374.99,375.42,330.97,342.99,19383.26384
2020-09-22,342.99,346.94,335.5,341.28,8058.940629000001
2020-09-23,341.28,343.46,313.14,324.98,17593.14915
2020-09-24,324.98,351.4,324.98,344.81,1757.6625579999998
2020-09-25,344.81,358.0,338.03,350.95,11237.71078
2020-09-26,350.95,362.11,346.35,359.61,4598.5437170000005
2020-09-27,359.61,362.2,347.62,358.06,5085.946411
2020-09-28,358.06,368.03,351.6,353.3,8310.102745999999
2020-09-29,353.3,360.34,350.51,355.79,5465.124579
2020-09-30,355.79,363.9,351.7,362.34,5427.436245
2020-10-01,362.34,362.34,350.11,352.99,915.8118707
2020-10-02,352.99,354.48,334.59,348.81,12345.39427
2020-10-03,348.81,351.26,344.26,345.98,3323.00921
2020-10-04,345.98,356.04,345.03,351.98,3609.054946
2020-10-05,351.98,355.28,349.07,353.63,8528.967376
2020-10-06,353.63,354.77,333.28,337.02,11424.499679999999
2020-10-07,337.02,342.73,336.49,339.51,7779.3909109999995
2020-10-08,339.51,352.07,339.51,350.03,1351.4873539999999
2020-10-09,350.03,378.35,347.65,376.1,9555.172449
2020-10-10,376.1,377.04,368.85,370.76,10547.026740000001
2020-10-11,370.76,377.48,369.97,374.74,2738.968024
2020-10-12,374.74,395.0,363.91,383.09,15137.231619999999
2020-10-13,383.09,387.27,374.0,381.65,9692.630575
2020-10-14,381.65,387.5,372.39,376.83,7854.49926
2020-10-15,376.83,382.24,370.1,378.36,9658.684656
2020-10-16,378.36,378.36,361.38,368.38,11301.493779999999
2020-10-17,368.38,370.43,364.99,368.77,2611.7484010000003
2020-10-18,368.77,379.96,368.41,374.04,4952.271715
2020-10-19,374.04,384.71,373.21,380.11,5994.451449
2020-10-20,380.11,380.22,365.45,378.44,10270.744779999999
2020-10-21,378.44,402.41,376.52,393.33,19206.734969999998
2020-10-22,393.33,421.65,392.34,414.0,17704.59681
2020-10-23,414.0,419.33,402.0,412.01,8405.053234
2020-10-24,412.01,416.6,409.17,415.47,2194.733506
2020-10-25,415.47,417.71,403.49,409.38,4367.706436
2020-10-26,409.38,409.39,383.0,393.41,13027.32093
2020-10-27,393.41,410.62,390.56,406.3,10722.857170000001
2020-10-28,406.3,407.5,380.75,392.01,15076.45749
2020-10-29,392.01,394.17,380.69,385.52,8886.352182999999
2020-10-30,385.52,387.99,373.93,383.29,10710.32392
2020-10-31,383.29,393.92,381.89,386.88,5321.488474
2020-11-01,386.88,404.39,385.21,399.53,4410.776629999999
2020-11-02,399.53,400.96,372.11,374.53,19180.70129
2020-11-03,374.53,390.42,370.4,386.89,11549.35808
2020-11-04,386.89,408.99,377.53,405.43,17501.74736
2020-11-05,405.43,441.88,397.15,427.75,28209.87526
2020-11-06,427.75,468.76,426.98,459.41,24363.076269999998
2020-11-07,459.41,465.73,424.59,439.26,18473.47296
2020-11-08,439.26,460.03,435.93,452.82,7822.104523
2020-11-09,452.82,459.01,434.24,449.66,13224.03829
2020-11-10,449.66,466.68,440.89,463.33,11900.954259999999
2020-11-11,463.33,476.57,452.24,458.74,16598.80153
2020-11-12,458.74,468.0,458.74,464.49,2066.442881
2020-11-13,464.49,478.77,458.0,472.04,13978.72034
2020-11-14,472.04,472.04,452.39,457.94,9649.490943
2020-11-15,457.94,462.99,440.54,449.99,10766.8925
2020-11-16,449.99,469.28,449.1,462.4,10654.34345
2020-11-17,462.4,488.91,461.94,488.63,22959.14455
2020-11-18,488.63,495.76,459.14,478.43,31944.632999999998
2020-11-19,478.43,488.23,472.69,485.13,2794.633316
2020-11-20,485.13,519.48,482.22,508.78,26346.39424
2020-11-21,508.78,562.12,503.16,549.85,24644.48776
2020-11-22,549.85,581.77,511.8,574.51,20369.89332
2020-11-23,574.51,622.04,570.96,614.38,35499.46892
2020-11-24,614.38,623.67,581.33,585.19,63736.339620000006
2020-11-25,585.19,604.7,501.95,534.37,43848.95781
2020-11-26,534.37,537.41,482.0,519.97,56198.439889999994
2020-11-27,519.97,529.28,494.0,515.39,27217.351260000003
2020-11-28,515.39,548.47,507.0,543.73,17707.16611
2020-11-29,543.73,593.0,536.4,588.8,15645.1458
2020-11-30,588.8,617.75,571.06,605.35,29971.408260000004
2020-12-01,605.35,636.4,562.0,585.15,54058.434129999994
2020-12-02,585.15,604.7,577.4,595.79,13109.66533
2020-12-03,595.79,624.78,586.52,602.86,16615.05447
2020-12-04,602.86,602.86,567.37,576.12,1683.9261399999998
2020-12-05,576.12,607.62,576.1,597.47,7393.573388
2020-12-06,597.47,603.79,584.54,595.38,6578.708104
2020-12-07,595.38,601.68,585.0,588.56,10884.47824
2020-12-08,588.56,595.0,541.38,552.0,18438.092959999998
2020-12-09,552.0,578.0,530.53,567.47,26080.9462
2020-12-10,567.47,567.47,543.2,547.43,590.9788788
2020-12-11,547.43,557.89,535.5,554.7,18179.63229
2020-12-12,554.7,574.33,551.76,565.56,7645.790209000001
2020-12-13,565.56,595.0,564.56,590.61,12194.03421
2020-12-14,590.61,597.32,575.2,593.22,8587.608297
2020-12-15,593.22,593.6,579.0,583.91,8212.255670999999
2020-12-16,583.91,652.35,581.55,637.13,35279.14258
2020-12-17,637.13,654.74,629.97,643.87,6956.605361
2020-12-18,643.87,664.0,632.22,656.84,14798.4391
2020-12-19,656.84,671.38,642.39,647.62,14401.16555
2020-12-20,647.62,661.48,622.23,645.28,16997.781890000002
2020-12-21,645.28,648.15,596.34,610.01,48807.38481
2020-12-22,610.01,638.5,588.2,622.78,20946.51372
2020-12-23,622.78,624.61,550.0,574.95,40550.11856
2020-12-24,574.95,615.76,570.33,605.86,11857.97241
2020-12-25,605.86,636.88,604.43,633.99,23176.01421
2020-12-26,633.99,652.62,615.73,643.47,30709.3061
2020-12-27,643.47,717.64,616.03,703.28,53071.94177
2020-12-28,703.28,747.26,697.57,698.91,43893.67225
2020-12-29,698.91,746.68,688.05,732.69,42523.0809
2020-12-30,732.69,759.0,716.32,743.7,47416.00441
2020-12-31,743.7,755.5,722.03,746.69,22294.910030000003
2021-01-01,746.69,748.5,716.0,732.14,20636.019640000002
2021-01-02,732.14,788.93,725.0,773.66,45045.50184
2021-01-03,773.66,1028.0,770.0,1023.12,111543.0165
2021-01-04,1023.12,1171.05,880.0,1001.72,153231.6882
2021-01-05,1001.72,1128.05,975.0,1080.09,73249.58829
2021-01-06,1080.09,1228.86,1075.63,1218.41,89943.34404
2021-01-07,1218.41,1218.41,1065.73,1152.91,21438.40133
2021-01-08,1152.91,1275.94,1127.0,1227.74,90532.43336
2021-01-09,1227.74,1345.0,1175.95,1315.43,56310.01538
2021-01-10,1315.43,1352.0,1000.0,1101.2,92883.48305
2021-01-11,1101.2,1148.37,903.94,1088.38,176231.3081
2021-01-12,1088.38,1150.0,985.18,1045.77,65573.09686
2021-01-13,1045.77,1149.54,1010.62,1097.76,36760.52879
2021-01-14,1097.76,1255.94,1097.76,1219.0,5777.510184000001
2021-01-15,1219.0,1246.56,1070.7,1179.36,64687.68577999999
2021-01-16,1179.36,1293.99,1152.93,1241.89,39000.6492
2021-01-17,1241.89,1268.96,1165.07,1193.62,34076.847219999996
2021-01-18,1193.62,1347.79,1188.41,1322.18,43472.57774
2021-01-19,1322.18,1440.54,1303.8,1342.27,77853.89711
2021-01-20,1342.27,1389.79,1234.01,1327.31,61709.96369
2021-01-21,1327.31,1327.31,1034.14,1160.47,22085.1741
2021-01-22,1160.47,1275.57,1120.12,1234.14,44402.8778
2021-01-23,1234.14,1295.86,1198.29,1295.1,27228.62093
2021-01-24,1295.1,1478.0,1288.28,1428.59,56023.02337
2021-01-25,1428.59,1447.79,1293.54,1314.85,48189.410910000006
2021-01-26,1314.85,1376.34,1245.71,1311.11,32606.82943
2021-01-27,1311.11,1320.88,1200.65,1291.66,52335.90072
2021-01-28,1291.66,1379.33,1291.66,1323.98,16519.82861
2021-01-29,1323.98,1442.13,1287.01,1342.34,48409.20364
2021-01-30,1342.34,1392.0,1328.21,1359.22,12210.91921
2021-01-31,1359.22,1373.48,1271.69,1318.18,19258.39241
2021-02-01,1318.18,1410.94,1300.07,1370.0,19193.342569999997
2021-02-02,1370.0,1549.98,1369.59,1541.68,47845.40472
2021-02-03,1541.68,1699.0,1514.5,1648.62,46607.1425
2021-02-04,1648.62,1676.58,1590.0,1641.97,17201.02132
2021-02-05,1641.97,1765.0,1625.1,1682.89,41709.93611
2021-02-06,1682.89,1721.89,1611.64,1629.06,22867.27696
2021-02-07,1629.06,1658.12,1492.97,1582.45,28712.54188
2021-02-08,1582.45,1780.0,1580.09,1737.94,43338.7903
2021-02-09,1737.94,1828.53,1717.52,1813.21,28809.13815
2021-02-10,1813.21,1840.0,1680.0,1745.01,35725.58754
2021-02-11,1745.01,1812.62,1745.01,1766.87,11548.33168
2021-02-12,1766.87,1876.47,1740.96,1869.36,30735.832469999998
2021-02-13,1869.36,1869.92,1764.19,1811.68,18352.51885
2021-02-14,1811.68,1853.0,1658.0,1730.44,34010.91253
2021-02-15,1730.44,1837.28,1690.8,1820.46,26955.397610000004
2021-02-16,1820.46,1826.73,1725.0,1754.57,28696.629510000002
2021-02-17,1754.57,1919.0,1734.0,1893.59,38894.01636
2021-02-18,1893.59,1950.0,1890.72,1910.18,17501.1577
2021-02-19,1910.18,2019.68,1899.0,2016.34,40784.9494
2021-02-20,2016.34,2040.0,1805.0,1935.3,33762.2505
2021-02-21,1935.3,1977.41,1860.78,1871.71,42551.477739999995
2021-02-22,1871.71,1891.68,1512.29,1678.88,60195.0466
2021-02-23,1678.88,1696.18,1350.08,1640.95,114234.1775
2021-02-24,1640.95,1713.99,1555.44,1606.72,53635.9789
2021-02-25,1606.72,1611.26,1448.0,1491.66,30095.1591
2021-02-26,1491.66,1563.74,1400.01,1491.32,72774.02325
2021-02-27,1491.32,1527.92,1368.08,1371.19,36544.09216
2021-02-28,1371.19,1460.0,1293.53,1435.21,49731.29153
2021-03-01,1435.21,1605.63,1421.28,1558.78,39501.23356
2021-03-02,1558.78,1594.0,1456.7,1521.26,24419.21944
2021-03-03,1521.26,1659.19,1521.26,1555.9,29583.8335
2021-03-04,1555.9,1600.0,1445.28,1482.82,17219.32291
2021-03-05,1482.82,1548.85,1441.56,1531.74,23728.37599
2021-03-06,1531.74,1687.68,1513.49,1650.74,22883.21394
2021-03-07,1650.74,1753.63,1632.1,1725.08,14951.53351
2021-03-08,1725.08,1863.26,1667.18,1850.69,24615.72953
2021-03-09,1850.69,1879.01,1756.58,1778.06,19942.79588
2021-03-10,1778.06,1872.93,1762.03,1803.2,24657.14615
2021-03-11,1803.2,1847.59,1780.0,1818.64,7961.192128
2021-03-12,1818.64,1822.15,1720.22,1759.54,25754.23927
2021-03-13,1759.54,1944.17,1748.75,1910.54,45500.10321
2021-03-14,1910.54,1910.98,1837.43,1883.32,36424.19603
2021-03-15,1883.32,1890.76,1711.33,1749.65,36352.60167
2021-03-16,1749.65,1819.02,1736.03,1768.88,14832.479430000001
2021-03-17,1768.88,1849.99,1743.73,1834.24,16778.50563
2021-03-18,1834.24,1844.79,1734.0,1781.08,20993.80863
2021-03-19,1781.08,1840.98,1781.08,1834.16,3576.300054
2021-03-20,1834.16,1869.51,1776.42,1788.6,13758.84016
2021-03-21,1788.6,1812.34,1748.0,1784.51,7431.721394
2021-03-22,1784.51,1807.31,1655.59,1702.34,22349.34766
2021-03-23,1702.34,1722.0,1648.86,1679.83,19605.94677
2021-03-24,1679.83,1741.0,1543.84,1572.81,28968.52482
2021-03-25,1572.81,1629.99,1552.51,1620.62,17566.10712
2021-03-26,1620.62,1720.0,1611.71,1694.48,14462.12042
2021-03-27,1694.48,1733.63,1666.0,1711.61,6824.774003
2021-03-28,1711.61,1725.7,1662.32,1695.8,7473.8778090000005
2021-03-29,1695.8,1840.0,1685.06,1796.29,31402.599430000002
2021-03-30,1796.29,1863.96,1787.44,1820.42,15236.25541
2021-03-31,1820.42,1948.0,1772.21,1924.25,27258.15992
2021-04-01,1924.25,2008.9,1886.2,1993.87,27346.46268
2021-04-02,1993.87,2146.0,1981.77,2093.49,28897.91058
2021-04-03,2093.49,2128.36,1979.68,2016.73,20529.26233
2021-04-04,2016.73,2093.04,2004.14,2029.09,7767.299248
2021-04-05,2029.09,2150.36,2003.7,2116.1,18118.006540000002
2021-04-06,2116.1,2136.41,2045.78,2105.16,23881.40545
2021-04-07,2105.16,2110.88,1930.02,1997.47,32779.06359
2021-04-08,1997.47,2098.35,1997.47,2072.93,10096.48765
2021-04-09,2072.93,2151.6,2041.23,2142.08,18577.94369
2021-04-10,2142.08,2194.0,2082.49,2144.42,17406.29619
2021-04-11,2144.42,2163.92,2113.29,2148.9,7631.305745000001
2021-04-12,2148.9,2200.0,2101.72,2162.34,15628.38859
2021-04-13,2162.34,2352.69,2150.5,2347.98,42117.20925
2021-04-14,2347.98,2477.72,2293.77,2475.01,41845.79737
2021-04-15,2475.01,2549.0,2405.32,2500.32,21050.425040000002
2021-04-16,2500.32,2500.32,2398.0,2489.82,11836.3265
2021-04-17,2489.82,2498.22,1954.47,2180.0,43710.03529
2021-04-18,2180.0,2283.52,2040.4,2271.21,35986.712269999996
2021-04-19,2271.21,2279.53,2051.2,2109.77,35754.126710000004
2021-04-20,2109.77,2363.88,2059.0,2288.99,24668.41815
2021-04-21,2288.99,2470.0,2235.47,2388.05,38153.255339999996
2021-04-22,2388.05,2645.19,2110.0,2284.47,42202.92385
2021-04-23,2284.47,2380.33,2108.0,2298.28,31110.079110000002
2021-04-24,2298.28,2329.67,2159.0,2190.65,16234.165619999998
2021-04-25,2190.65,2474.23,2167.0,2456.56,26326.7295
2021-04-26,2456.56,2549.99,2424.0,2497.07,20279.91567
2021-04-27,2497.07,2719.99,2494.18,2632.23,34998.93712
2021-04-28,2632.23,2760.4,2563.01,2698.5,28142.0049
2021-04-29,2698.5,2800.0,2673.06,2746.72,19507.93808
2021-04-30,2746.72,2849.0,2731.73,2844.35,11077.69953
2021-05-01,2844.35,2957.34,2810.15,2906.97,19823.96829
2021-05-02,2906.97,3060.27,2857.0,3054.86,17806.29648
2021-05-03,3054.86,3458.0,3038.51,3237.67,60403.11897
2021-05-04,3237.67,3531.83,3161.56,3299.56,41221.564739999994
2021-05-05,3299.56,3550.0,3225.01,3478.06,24705.443
2021-05-06,3478.06,3598.05,3402.01,3427.49,16516.669680000003
2021-05-07,3427.49,3595.0,3355.01,3539.73,15974.56746
2021-05-08,3539.73,3968.37,3512.13,3874.49,25676.87443
2021-05-09,3874.49,4077.7,3725.0,4060.21,23638.51668
2021-05-10,4060.21,4345.44,3500.0,3924.7,49801.118780000004
